id,Hardness
10407,1.414
10408,3.114
10409,6.021
10410,4.64
10411,4.79
10412,4.697
10413,4.227
10414,5.231
10415,3.085
10416,4.944
10417,5.321
10418,5.067
10419,6.351
10420,5.005
10421,5.713
10422,5.793
10423,4.761
10424,4.947
10425,6.034
10426,3.199
10427,3.406
10428,3.936
10429,6.194
10430,4.027
10431,4.392
10432,5.975
10433,5.927
10434,5.605
10435,6.058
10436,5.818
10437,6.087
10438,6.815
10439,5.87
10440,4.268
10441,2.888
10442,4.657
10443,2.697
10444,3.543
10445,5.78
10446,3.179
10447,6.007
10448,6.254
10449,5.344
10450,6.117
10451,5.743
10452,3.108
10453,5.644
10454,4.889
10455,3.384
10456,3.595
10457,3.147
10458,11.743
10459,5.194
10460,3.822
10461,6.108
10462,5.702
10463,6.092
10464,6.169
10465,3.273
10466,5.763
10467,5.991
10468,3.254
10469,5.661
10470,5.197
10471,5.38
10472,2.58
10473,6.206
10474,2.862
10475,6.091
10476,4.615
10477,6.181
10478,5.473
10479,5.067
10480,3.42
10481,3.764
10482,6.141
10483,6.02
10484,2.706
10485,3.676
10486,2.664
10487,2.583
10488,6.155
10489,4.746
10490,4.037
10491,6.218
10492,6.509
10493,2.785
10494,3.447
10495,3.539
10496,3.063
10497,5.516
10498,6.224
10499,6.06
10500,4.661
10501,3.345
10502,8.255
10503,5.699
10504,6.031
10505,3.735
10506,3.505
10507,6.034
10508,2.861
10509,3.76
10510,3.345
10511,2.401
10512,5.965
10513,5.547
10514,4.457
10515,0.177
10516,4.375
10517,5.036
10518,5.678
10519,5.974
10520,5.93
10521,5.51
10522,5.743
10523,5.255
10524,4.007
10525,3.212
10526,2.915
10527,5.978
10528,6.14
10529,5.357
10530,3.626
10531,5.721
10532,5.258
10533,5.149
10534,6.635
10535,5.168
10536,5.244
10537,5.63
10538,6.181
10539,5.896
10540,4.167
10541,3.15
10542,4.761
10543,5.964
10544,4.798
10545,5.073
10546,5.948
10547,5.805
10548,5.613
10549,5.059
10550,5.574
10551,5.027
10552,6.025
10553,6.416
10554,3.334
10555,2.832
10556,5.833
10557,5.937
10558,5.964
10559,3.978
10560,2.961
10561,4.485
10562,5.94
10563,3.643
10564,2.685
10565,3.328
10566,3.077
10567,4.491
10568,4.528
10569,6.096
10570,5.879
10571,6.039
10572,5.983
10573,5.576
10574,3.151
10575,3.899
10576,2.145
10577,2.134
10578,5.722
10579,6.115
10580,3.052
10581,6.084
10582,3.982
10583,3.614
10584,5.193
10585,3.252
10586,3.275
10587,6.312
10588,3.21
10589,6.108
10590,2.923
10591,6.183
10592,2.971
10593,6.16
10594,6.039
10595,5.47
10596,4.789
10597,6.148
10598,4.739
10599,6.064
10600,2.588
10601,6.129
10602,4.609
10603,5.917
10604,6.028
10605,2.325
10606,3.566
10607,6.145
10608,6.091
10609,11.734
10610,5.78
10611,5.802
10612,5.99
10613,5.58
10614,5.974
10615,6.024
10616,7.852
10617,5.78
10618,2.834
10619,6.106
10620,6.048
10621,3.536
10622,3.369
10623,6.119
10624,5.899
10625,5.731
10626,3.334
10627,5.953
10628,6.211
10629,5.813
10630,3.394
10631,5.008
10632,4.629
10633,3.099
10634,3.701
10635,3.868
10636,4.911
10637,4.223
10638,2.988
10639,6.204
10640,6.116
10641,4.811
10642,2.911
10643,2.132
10644,4.633
10645,6.153
10646,2.137
10647,5.9
10648,5.807
10649,6.045
10650,3.409
10651,5.054
10652,6.13
10653,6.08
10654,5.221
10655,2.782
10656,5.743
10657,4.864
10658,6.21
10659,6.046
10660,3.339
10661,4.594
10662,3.708
10663,6.279
10664,4.079
10665,6.079
10666,5.971
10667,5.768
10668,6.094
10669,4.873
10670,2.984
10671,4.666
10672,2.772
10673,4.701
10674,2.828
10675,4.655
10676,2.51
10677,2.935
10678,3.799
10679,2.363
10680,5.752
10681,4.941
10682,5.028
10683,4.686
10684,2.937
10685,5.587
10686,4.576
10687,6.288
10688,6.033
10689,4.727
10690,4.642
10691,5.98
10692,5.425
10693,5.757
10694,5.929
10695,3.432
10696,5.831
10697,6.081
10698,4.025
10699,2.708
10700,4.024
10701,5.889
10702,5.591
10703,5.391
10704,2.475
10705,6.207
10706,5.858
10707,6.944
10708,4.163
10709,3.145
10710,6.337
10711,4.353
10712,5.952
10713,2.581
10714,3.572
10715,6.009
10716,5.415
10717,6.309
10718,5.606
10719,5.951
10720,6.152
10721,4.101
10722,2.936
10723,4.666
10724,5.911
10725,2.133
10726,3.023
10727,3.133
10728,3.096
10729,5.992
10730,6.667
10731,5.816
10732,3.516
10733,2.619
10734,5.888
10735,6.127
10736,6.079
10737,5.32
10738,5.78
10739,3.651
10740,2.578
10741,5.827
10742,3.469
10743,5.208
10744,3.641
10745,5.286
10746,4.236
10747,2.601
10748,6.971
10749,4.669
10750,4.876
10751,5.42
10752,4.508
10753,4.947
10754,6.357
10755,6.208
10756,4.676
10757,3.589
10758,3.648
10759,3.651
10760,6.072
10761,6.564
10762,5.837
10763,5.884
10764,5.312
10765,5.4
10766,6.532
10767,5.566
10768,6.161
10769,5.954
10770,6.184
10771,2.871
10772,6.066
10773,2.761
10774,5.99
10775,5.721
10776,4.981
10777,2.133
10778,5.986
10779,5.94
10780,3.718
10781,4.991
10782,6.156
10783,3.728
10784,6.126
10785,6.042
10786,5.811
10787,6.397
10788,6.153
10789,5.47
10790,3.174
10791,4.659
10792,6.077
10793,5.82
10794,5.424
10795,6.079
10796,4.671
10797,5.793
10798,5.491
10799,5.464
10800,2.983
10801,6.121
10802,6.199
10803,4.221
10804,5.858
10805,5.325
10806,6.057
10807,6.076
10808,4.212
10809,2.822
10810,4.816
10811,4.912
10812,5.965
10813,5.351
10814,5.929
10815,2.605
10816,4.994
10817,5.831
10818,3.974
10819,6.016
10820,6.097
10821,2.725
10822,3.148
10823,6.141
10824,5.733
10825,6.128
10826,4.777
10827,5.633
10828,2.696
10829,6.03
10830,5.738
10831,6.008
10832,6.142
10833,6.317
10834,5.631
10835,6.037
10836,4.241
10837,5.49
10838,3.759
10839,2.866
10840,5.438
10841,5.005
10842,6.502
10843,4.8
10844,3.242
10845,4.58
10846,5.787
10847,6.119
10848,3.91
10849,6.024
10850,5.945
10851,3.558
10852,4.662
10853,4.171
10854,6.155
10855,4.913
10856,4.944
10857,5.996
10858,5.45
10859,5.65
10860,6.091
10861,5.77
10862,6.09
10863,4.945
10864,5.965
10865,6.193
10866,4.417
10867,2.132
10868,4.946
10869,5.057
10870,6.21
10871,6.188
10872,3.51
10873,4.288
10874,6.093
10875,6.045
10876,5.984
10877,6.079
10878,6.037
10879,6.273
10880,3.676
10881,6.511
10882,3.719
10883,3.995
10884,3.757
10885,5.691
10886,3.332
10887,4.687
10888,5.809
10889,5.985
10890,4.914
10891,4.552
10892,5.738
10893,2.802
10894,5.688
10895,6.292
10896,0.111
10897,6.171
10898,6.056
10899,3.281
10900,4.737
10901,6.083
10902,4.724
10903,4.282
10904,5.983
10905,5.727
10906,3.136
10907,4.818
10908,6.277
10909,4.528
10910,5.996
10911,6.184
10912,6.066
10913,5.829
10914,4.854
10915,5.777
10916,4.685
10917,6.035
10918,6.217
10919,5.387
10920,6.181
10921,5.945
10922,2.792
10923,5.35
10924,4.412
10925,6.019
10926,5.458
10927,4.881
10928,2.811
10929,4.946
10930,5.447
10931,3.716
10932,5.988
10933,5.891
10934,5.776
10935,5.994
10936,2.937
10937,5.985
10938,4.913
10939,6.327
10940,6.24
10941,3.818
10942,5.858
10943,6.112
10944,4.305
10945,5.981
10946,6.008
10947,5.16
10948,4.665
10949,3.391
10950,3.244
10951,6.237
10952,5.323
10953,3.537
10954,5.641
10955,4.37
10956,5.781
10957,6.182
10958,6.111
10959,5.609
10960,3.003
10961,5.716
10962,3.483
10963,3.797
10964,5.776
10965,5.378
10966,2.939
10967,5.662
10968,6.055
10969,3.045
10970,3.853
10971,5.414
10972,3.269
10973,4.755
10974,4.907
10975,2.441
10976,5.067
10977,5.954
10978,5.545
10979,4.749
10980,6.037
10981,5.564
10982,6.448
10983,3.79
10984,6.195
10985,3.238
10986,6.129
10987,5.856
10988,5.905
10989,4.208
10990,2.204
10991,3.293
10992,6.007
10993,3.09
10994,5.116
10995,2.829
10996,7.468
10997,5.573
10998,4.899
10999,3.817
11000,5.418
11001,6.08
11002,2.629
11003,6.022
11004,5.796
11005,4.946
11006,5.825
11007,6.136
11008,5.689
11009,5.063
11010,5.772
11011,6.024
11012,6.028
11013,5.674
11014,5.698
11015,5.868
11016,6.104
11017,4.261
11018,3.209
11019,3.365
11020,6.167
11021,4.65
11022,7.357
11023,5.274
11024,5.956
11025,4.41
11026,9.85
11027,3.355
11028,5.95
11029,2.794
11030,2.983
11031,6.199
11032,3.476
11033,5.288
11034,3.428
11035,6.252
11036,6.036
11037,5.939
11038,5.746
11039,5.615
11040,6.417
11041,5.825
11042,2.761
11043,3.522
11044,4.428
11045,6.15
11046,2.748
11047,3.272
11048,6.194
11049,6.035
11050,4.687
11051,6.025
11052,3.343
11053,6.187
11054,5.803
11055,5.474
11056,6.04
11057,6.049
11058,6.002
11059,5.964
11060,3.475
11061,5.423
11062,5.025
11063,6.095
11064,3.673
11065,5.878
11066,4.118
11067,3.767
11068,4.849
11069,5.106
11070,5.692
11071,5.784
11072,3.379
11073,4.754
11074,5.874
11075,4.831
11076,4.249
11077,3.892
11078,4.547
11079,5.861
11080,3.125
11081,5.794
11082,5.344
11083,5.917
11084,6.146
11085,5.964
11086,3.176
11087,6.13
11088,2.557
11089,5.494
11090,6.105
11091,2.964
11092,3.223
11093,5.633
11094,4.515
11095,3.913
11096,6.027
11097,3.017
11098,5.736
11099,6.098
11100,5.487
11101,5.691
11102,6.142
11103,3.916
11104,6.03
11105,5.877
11106,5.374
11107,4.206
11108,5.765
11109,5.976
11110,6.11
11111,3.646
11112,5.751
11113,5.818
11114,2.923
11115,5.755
11116,4.892
11117,5.778
11118,6.006
11119,6.189
11120,3.896
11121,5.964
11122,5.402
11123,3.826
11124,5.948
11125,5.181
11126,2.61
11127,6.174
11128,6.138
11129,6.261
11130,4.67
11131,3.631
11132,2.975
11133,4.302
11134,6.138
11135,6.057
11136,5.594
11137,6.075
11138,5.765
11139,6.15
11140,5.77
11141,6.224
11142,6.16
11143,5.697
11144,2.285
11145,5.999
11146,5.614
11147,5.931
11148,3.667
11149,5.871
11150,5.574
11151,5.915
11152,3.738
11153,4.944
11154,4.43
11155,6.152
11156,3.487
11157,2.873
11158,3.299
11159,6.141
11160,3.985
11161,6.07
11162,6.049
11163,6.202
11164,5.995
11165,2.929
11166,4.538
11167,4.862
11168,5.469
11169,5.989
11170,4.081
11171,5.965
11172,5.472
11173,5.709
11174,6.078
11175,4.945
11176,5.755
11177,5.703
11178,1.804
11179,4.711
11180,6.032
11181,6.184
11182,5.606
11183,5.662
11184,6.209
11185,6.003
11186,5.654
11187,3.684
11188,5.61
11189,3.613
11190,6.034
11191,4.733
11192,3.665
11193,6.079
11194,4.035
11195,4.629
11196,6.107
11197,4.899
11198,4.648
11199,3.333
11200,5.614
11201,5.375
11202,5.366
11203,3.175
11204,4.675
11205,6.209
11206,4.234
11207,5.889
11208,5.464
11209,6.289
11210,5.813
11211,5.723
11212,2.27
11213,0.041
11214,3.899
11215,6.118
11216,5.068
11217,6.162
11218,5.933
11219,2.757
11220,3.736
11221,3.612
11222,6.198
11223,3.443
11224,3.23
11225,5.815
11226,5.961
11227,5.36
11228,5.747
11229,19.198
11230,6.096
11231,6.261
11232,2.928
11233,3.336
11234,3.327
11235,3.276
11236,6.354
11237,4.887
11238,0.825
11239,5.937
11240,6.262
11241,5.953
11242,4.865
11243,6.027
11244,6.074
11245,3.459
11246,5.067
11247,2.767
11248,5.148
11249,3.041
11250,5.095
11251,5.736
11252,5.852
11253,6.175
11254,6.044
11255,6.125
11256,6.178
11257,5.977
11258,2.958
11259,6.067
11260,3.311
11261,5.785
11262,4.445
11263,4.675
11264,5.876
11265,6.257
11266,6.031
11267,3.255
11268,2.21
11269,4.788
11270,5.018
11271,6.009
11272,3.373
11273,3.273
11274,3.795
11275,6.252
11276,2.976
11277,2.698
11278,2.953
11279,6.168
11280,3.648
11281,6.153
11282,6.161
11283,4.9
11284,5.213
11285,5.048
11286,5.303
11287,6.216
11288,6.053
11289,4.852
11290,7.852
11291,3.376
11292,5.045
11293,5.661
11294,5.679
11295,6.033
11296,6.307
11297,4.104
11298,6.234
11299,3.795
11300,2.628
11301,3.944
11302,5.921
11303,5.575
11304,6.028
11305,5.926
11306,6.009
11307,6.061
11308,6.138
11309,0.654
11310,5.935
11311,5.727
11312,3.677
11313,5.965
11314,5.447
11315,5.844
11316,2.815
11317,6.168
11318,3.202
11319,2.712
11320,6.13
11321,5.977
11322,6.168
11323,3.356
11324,2.606
11325,4.945
11326,6.06
11327,4.305
11328,5.673
11329,2.58
11330,6.0
11331,5.828
11332,6.103
11333,5.125
11334,5.88
11335,3.703
11336,4.812
11337,4.204
11338,4.327
11339,5.649
11340,5.886
11341,6.302
11342,6.07
11343,4.682
11344,6.012
11345,5.928
11346,5.785
11347,6.102
11348,3.747
11349,5.097
11350,6.214
11351,6.062
11352,3.375
11353,2.876
11354,2.673
11355,3.759
11356,4.727
11357,4.775
11358,5.868
11359,5.89
11360,3.502
11361,6.155
11362,5.021
11363,5.831
11364,2.982
11365,2.708
11366,6.262
11367,2.353
11368,2.397
11369,5.454
11370,2.239
11371,2.451
11372,6.127
11373,5.058
11374,5.319
11375,2.745
11376,6.18
11377,6.15
11378,6.593
11379,5.49
11380,4.92
11381,4.42
11382,3.583
11383,4.167
11384,3.053
11385,5.678
11386,5.221
11387,4.176
11388,5.981
11389,5.782
11390,4.908
11391,4.313
11392,5.156
11393,6.16
11394,5.388
11395,5.892
11396,2.967
11397,6.072
11398,5.613
11399,6.011
11400,6.074
11401,4.287
11402,4.894
11403,5.741
11404,5.934
11405,3.818
11406,5.444
11407,6.091
11408,5.695
11409,2.416
11410,3.641
11411,2.942
11412,5.994
11413,4.656
11414,6.176
11415,6.029
11416,5.886
11417,5.875
11418,6.169
11419,4.946
11420,6.014
11421,5.812
11422,5.782
11423,5.373
11424,3.104
11425,4.114
11426,6.044
11427,4.269
11428,2.602
11429,4.918
11430,6.188
11431,3.61
11432,6.059
11433,4.091
11434,2.891
11435,4.959
11436,3.076
11437,5.895
11438,5.305
11439,5.742
11440,2.377
11441,2.602
11442,3.434
11443,2.579
11444,4.359
11445,5.459
11446,5.576
11447,4.846
11448,4.822
11449,5.133
11450,5.143
11451,4.451
11452,3.919
11453,5.465
11454,5.496
11455,6.098
11456,2.767
11457,4.127
11458,4.92
11459,2.825
11460,5.548
11461,0.042
11462,6.148
11463,4.848
11464,6.105
11465,6.142
11466,5.63
11467,5.731
11468,4.512
11469,6.812
11470,5.998
11471,4.058
11472,3.698
11473,5.41
11474,6.031
11475,4.973
11476,4.846
11477,4.679
11478,6.113
11479,5.926
11480,6.127
11481,6.324
11482,4.01
11483,5.756
11484,3.728
11485,2.558
11486,6.046
11487,5.709
11488,6.218
11489,3.747
11490,4.535
11491,6.013
11492,2.714
11493,4.002
11494,5.728
11495,6.98
11496,2.962
11497,6.971
11498,4.986
11499,2.757
11500,5.891
11501,4.848
11502,4.099
11503,5.843
11504,5.787
11505,3.243
11506,6.181
11507,5.713
11508,6.108
11509,6.086
11510,6.111
11511,5.565
11512,3.274
11513,2.547
11514,6.145
11515,6.145
11516,2.282
11517,2.419
11518,5.543
11519,6.191
11520,6.15
11521,2.994
11522,5.563
11523,5.581
11524,5.751
11525,6.229
11526,5.534
11527,6.209
11528,6.003
11529,5.787
11530,4.196
11531,5.521
11532,4.0
11533,4.997
11534,5.317
11535,2.721
11536,3.49
11537,5.836
11538,6.138
11539,5.809
11540,5.418
11541,3.656
11542,5.36
11543,6.154
11544,4.356
11545,6.038
11546,5.993
11547,5.715
11548,5.646
11549,4.218
11550,6.104
11551,2.562
11552,5.735
11553,6.147
11554,5.053
11555,5.147
11556,5.792
11557,4.3
11558,5.934
11559,5.951
11560,6.037
11561,6.973
11562,6.186
11563,6.066
11564,4.903
11565,5.779
11566,6.149
11567,5.799
11568,6.308
11569,5.875
11570,4.944
11571,5.641
11572,4.677
11573,5.974
11574,4.676
11575,5.537
11576,4.264
11577,5.774
11578,5.144
11579,4.225
11580,2.162
11581,3.962
11582,5.621
11583,3.348
11584,5.92
11585,2.936
11586,6.189
11587,3.346
11588,3.841
11589,6.701
11590,5.863
11591,5.909
11592,5.882
11593,5.793
11594,6.969
11595,6.122
11596,4.925
11597,5.305
11598,6.039
11599,2.35
11600,3.4
11601,4.706
11602,5.516
11603,4.163
11604,2.964
11605,4.424
11606,5.501
11607,6.122
11608,6.076
11609,3.612
11610,4.838
11611,6.189
11612,5.765
11613,6.147
11614,4.699
11615,5.684
11616,3.41
11617,5.814
11618,3.261
11619,6.08
11620,5.929
11621,5.906
11622,5.732
11623,6.169
11624,6.299
11625,3.7
11626,6.239
11627,3.468
11628,4.151
11629,6.208
11630,3.633
11631,3.826
11632,2.686
11633,5.988
11634,6.162
11635,3.542
11636,5.85
11637,6.115
11638,5.894
11639,3.141
11640,3.197
11641,5.664
11642,6.125
11643,2.959
11644,3.331
11645,3.52
11646,6.116
11647,3.943
11648,5.659
11649,5.885
11650,5.985
11651,4.768
11652,5.543
11653,5.625
11654,4.734
11655,3.192
11656,3.409
11657,6.045
11658,6.015
11659,5.129
11660,6.13
11661,5.638
11662,4.779
11663,6.025
11664,2.606
11665,3.5
11666,5.879
11667,4.429
11668,4.626
11669,5.618
11670,6.12
11671,6.108
11672,3.453
11673,5.93
11674,6.041
11675,5.915
11676,3.571
11677,5.979
11678,6.058
11679,4.678
11680,6.242
11681,5.583
11682,4.771
11683,5.703
11684,3.903
11685,3.07
11686,4.655
11687,5.993
11688,3.412
11689,2.842
11690,5.942
11691,2.872
11692,3.075
11693,2.794
11694,5.854
11695,4.758
11696,6.117
11697,3.718
11698,3.384
11699,2.872
11700,6.002
11701,6.016
11702,6.141
11703,5.836
11704,4.239
11705,4.76
11706,5.931
11707,6.086
11708,6.033
11709,2.839
11710,6.193
11711,5.064
11712,5.75
11713,2.801
11714,5.218
11715,6.103
11716,5.761
11717,6.075
11718,4.255
11719,4.926
11720,5.663
11721,8.179
11722,6.215
11723,5.496
11724,5.097
11725,5.955
11726,5.977
11727,6.131
11728,5.886
11729,6.034
11730,3.949
11731,4.55
11732,5.336
11733,4.863
11734,2.658
11735,6.105
11736,4.946
11737,6.038
11738,4.769
11739,4.215
11740,2.962
11741,5.252
11742,4.812
11743,5.92
11744,3.332
11745,3.171
11746,6.076
11747,5.927
11748,5.802
11749,5.158
11750,2.452
11751,5.328
11752,6.162
11753,5.33
11754,5.426
11755,4.677
11756,3.642
11757,6.174
11758,6.17
11759,5.276
11760,5.852
11761,5.964
11762,3.978
11763,6.054
11764,6.141
11765,5.657
11766,3.219
11767,4.229
11768,3.272
11769,4.939
11770,6.288
11771,6.114
11772,5.68
11773,4.957
11774,4.156
11775,4.975
11776,4.874
11777,5.45
11778,4.356
11779,5.716
11780,5.601
11781,3.187
11782,5.442
11783,5.688
11784,5.882
11785,6.072
11786,5.893
11787,4.663
11788,2.895
11789,5.856
11790,5.322
11791,6.1
11792,3.896
11793,3.609
11794,5.824
11795,5.904
11796,5.595
11797,5.429
11798,5.532
11799,5.964
11800,6.034
11801,6.093
11802,5.871
11803,3.689
11804,5.966
11805,5.978
11806,3.276
11807,4.845
11808,6.224
11809,6.124
11810,4.328
11811,3.237
11812,5.75
11813,5.882
11814,0.18
11815,3.783
11816,3.526
11817,6.142
11818,5.508
11819,5.621
11820,4.944
11821,5.511
11822,4.078
11823,3.179
11824,6.187
11825,4.969
11826,5.758
11827,2.961
11828,5.879
11829,4.251
11830,4.903
11831,4.902
11832,2.409
11833,3.929
11834,5.817
11835,2.302
11836,6.171
11837,6.118
11838,6.011
11839,4.916
11840,5.79
11841,3.423
11842,5.386
11843,3.789
11844,6.005
11845,4.706
11846,6.128
11847,3.228
11848,5.759
11849,5.919
11850,5.786
11851,6.078
11852,5.799
11853,5.048
11854,6.183
11855,6.153
11856,3.573
11857,3.382
11858,6.056
11859,4.669
11860,2.734
11861,5.929
11862,5.939
11863,3.152
11864,3.057
11865,6.003
11866,1.991
11867,5.108
11868,6.218
11869,4.572
11870,5.988
11871,5.699
11872,5.17
11873,5.974
11874,5.054
11875,6.071
11876,2.134
11877,5.667
11878,4.699
11879,5.814
11880,4.946
11881,6.061
11882,4.505
11883,6.071
11884,2.916
11885,4.089
11886,7.281
11887,4.983
11888,4.326
11889,6.079
11890,6.316
11891,6.51
11892,4.324
11893,6.108
11894,5.824
11895,5.843
11896,5.785
11897,6.019
11898,4.919
11899,2.969
11900,5.246
11901,4.635
11902,3.424
11903,5.903
11904,2.974
11905,6.374
11906,5.355
11907,6.052
11908,5.354
11909,6.018
11910,6.041
11911,4.671
11912,5.963
11913,3.038
11914,5.905
11915,4.678
11916,6.183
11917,5.307
11918,3.663
11919,5.551
11920,2.822
11921,6.06
11922,3.342
11923,3.441
11924,4.938
11925,5.535
11926,6.966
11927,2.858
11928,5.842
11929,3.65
11930,5.049
11931,4.904
11932,3.007
11933,5.775
11934,6.306
11935,3.131
11936,4.772
11937,2.694
11938,6.41
11939,6.085
11940,5.416
11941,6.057
11942,5.066
11943,3.915
11944,3.937
11945,3.431
11946,5.573
11947,5.456
11948,5.888
11949,3.337
11950,5.91
11951,3.74
11952,6.075
11953,6.124
11954,5.4
11955,4.975
11956,6.087
11957,6.269
11958,4.183
11959,2.941
11960,6.627
11961,3.391
11962,5.505
11963,0.095
11964,0.287
11965,4.066
11966,3.695
11967,5.934
11968,4.887
11969,6.009
11970,4.473
11971,5.313
11972,5.492
11973,5.499
11974,5.027
11975,5.632
11976,3.304
11977,3.798
11978,3.792
11979,3.199
11980,6.069
11981,6.181
11982,6.334
11983,6.327
11984,5.811
11985,5.995
11986,5.04
11987,6.031
11988,5.942
11989,4.945
11990,-0.048
11991,3.29
11992,5.856
11993,6.112
11994,3.612
11995,4.104
11996,6.209
11997,4.597
11998,4.547
11999,4.893
12000,4.98
12001,4.746
12002,3.082
12003,6.092
12004,4.641
12005,6.03
12006,5.915
12007,6.1
12008,5.373
12009,2.798
12010,3.52
12011,6.148
12012,2.55
12013,2.053
12014,3.145
12015,5.974
12016,5.769
12017,3.725
12018,5.436
12019,5.396
12020,6.089
12021,6.25
12022,2.477
12023,5.796
12024,4.712
12025,6.215
12026,4.659
12027,6.296
12028,6.183
12029,3.501
12030,5.402
12031,5.709
12032,2.843
12033,5.757
12034,6.184
12035,5.971
12036,3.984
12037,5.068
12038,3.428
12039,5.267
12040,5.869
12041,5.69
12042,5.775
12043,6.104
12044,5.639
12045,2.699
12046,5.738
12047,3.319
12048,6.289
12049,4.221
12050,3.922
12051,5.99
12052,3.023
12053,5.897
12054,5.538
12055,5.837
12056,5.977
12057,4.684
12058,6.943
12059,6.198
12060,5.427
12061,4.144
12062,4.628
12063,6.198
12064,3.64
12065,3.79
12066,3.523
12067,4.636
12068,7.489
12069,2.652
12070,4.993
12071,3.887
12072,5.681
12073,7.468
12074,5.899
12075,6.176
12076,6.111
12077,6.045
12078,6.144
12079,5.524
12080,4.967
12081,5.815
12082,5.816
12083,3.659
12084,6.182
12085,3.951
12086,4.74
12087,4.055
12088,4.134
12089,2.849
12090,5.944
12091,4.946
12092,6.062
12093,3.328
12094,2.725
12095,3.258
12096,3.7
12097,2.405
12098,3.929
12099,3.643
12100,6.076
12101,2.372
12102,5.557
12103,3.128
12104,4.114
12105,3.851
12106,3.204
12107,5.9
12108,3.815
12109,3.653
12110,3.754
12111,3.849
12112,2.658
12113,5.968
12114,3.535
12115,5.088
12116,5.705
12117,4.328
12118,6.228
12119,5.544
12120,5.487
12121,6.113
12122,6.125
12123,2.946
12124,4.932
12125,6.274
12126,6.216
12127,5.654
12128,5.508
12129,6.008
12130,3.032
12131,4.657
12132,6.09
12133,6.098
12134,4.897
12135,5.94
12136,6.126
12137,6.14
12138,5.259
12139,3.404
12140,6.498
12141,5.883
12142,4.661
12143,3.898
12144,5.955
12145,5.911
12146,2.648
12147,4.725
12148,2.777
12149,5.405
12150,4.914
12151,3.673
12152,6.071
12153,6.154
12154,4.946
12155,2.494
12156,6.163
12157,6.068
12158,3.148
12159,5.802
12160,4.737
12161,4.993
12162,5.999
12163,3.684
12164,5.766
12165,3.561
12166,5.989
12167,5.341
12168,5.18
12169,5.369
12170,3.322
12171,5.786
12172,4.082
12173,6.07
12174,6.072
12175,6.203
12176,3.8
12177,5.893
12178,6.037
12179,3.514
12180,6.528
12181,5.032
12182,6.018
12183,6.206
12184,2.727
12185,6.078
12186,3.948
12187,2.73
12188,6.179
12189,5.543
12190,3.697
12191,4.546
12192,3.1
12193,6.242
12194,6.046
12195,6.187
12196,5.543
12197,3.131
12198,5.688
12199,5.822
12200,3.887
12201,6.054
12202,5.032
12203,2.949
12204,3.051
12205,6.173
12206,6.971
12207,2.645
12208,4.642
12209,3.612
12210,3.824
12211,6.139
12212,4.667
12213,5.78
12214,3.714
12215,3.434
12216,5.777
12217,5.891
12218,6.042
12219,5.277
12220,3.375
12221,5.731
12222,4.191
12223,2.739
12224,6.234
12225,5.748
12226,6.316
12227,5.165
12228,6.099
12229,6.096
12230,6.045
12231,4.465
12232,4.981
12233,3.517
12234,5.328
12235,4.633
12236,6.028
12237,3.088
12238,5.257
12239,4.642
12240,2.921
12241,7.083
12242,6.08
12243,6.142
12244,5.675
12245,4.737
12246,4.108
12247,6.323
12248,2.349
12249,6.105
12250,2.964
12251,5.733
12252,2.946
12253,2.581
12254,3.397
12255,6.058
12256,4.956
12257,5.715
12258,2.9
12259,2.742
12260,3.766
12261,6.282
12262,0.381
12263,6.02
12264,2.903
12265,6.118
12266,5.877
12267,4.887
12268,5.457
12269,0.055
12270,5.99
12271,4.917
12272,6.151
12273,5.97
12274,4.804
12275,3.256
12276,2.618
12277,5.438
12278,5.072
12279,5.966
12280,5.356
12281,3.609
12282,3.889
12283,4.818
12284,5.679
12285,5.767
12286,6.811
12287,3.35
12288,6.024
12289,5.935
12290,6.211
12291,3.236
12292,3.429
12293,4.741
12294,0.933
12295,6.022
12296,5.921
12297,5.066
12298,4.349
12299,3.201
12300,2.991
12301,4.687
12302,5.978
12303,3.067
12304,2.972
12305,2.838
12306,3.066
12307,5.123
12308,6.377
12309,6.019
12310,5.343
12311,4.396
12312,5.648
12313,5.44
12314,6.181
12315,5.973
12316,3.913
12317,3.427
12318,4.28
12319,6.185
12320,3.11
12321,5.57
12322,4.812
12323,2.563
12324,3.211
12325,2.596
12326,5.951
12327,5.408
12328,2.98
12329,5.869
12330,6.497
12331,5.18
12332,6.175
12333,3.289
12334,5.592
12335,3.6
12336,6.127
12337,3.398
12338,3.107
12339,6.077
12340,3.184
12341,5.293
12342,5.392
12343,6.101
12344,6.087
12345,6.164
12346,2.901
12347,4.65
12348,6.039
12349,6.14
12350,5.372
12351,4.943
12352,6.341
12353,6.027
12354,5.557
12355,3.899
12356,6.31
12357,4.248
12358,5.904
12359,5.907
12360,4.76
12361,5.441
12362,5.79
12363,5.572
12364,2.558
12365,6.2
12366,4.624
12367,5.957
12368,5.248
12369,0.31
12370,6.976
12371,4.303
12372,6.301
12373,6.104
12374,4.671
12375,5.174
12376,4.791
12377,3.283
12378,4.841
12379,5.994
12380,6.464
12381,6.208
12382,5.982
12383,4.979
12384,6.509
12385,6.386
12386,9.807
12387,6.138
12388,4.023
12389,4.924
12390,4.958
12391,6.076
12392,5.678
12393,4.848
12394,4.5
12395,5.019
12396,6.303
12397,4.8
12398,5.148
12399,6.434
12400,3.077
12401,3.665
12402,3.492
12403,4.685
12404,3.714
12405,4.644
12406,3.96
12407,4.993
12408,6.065
12409,5.964
12410,4.945
12411,6.263
12412,3.407
12413,2.978
12414,4.666
12415,5.355
12416,3.891
12417,6.002
12418,6.175
12419,6.044
12420,6.62
12421,3.03
12422,4.205
12423,4.659
12424,5.795
12425,5.443
12426,5.955
12427,5.788
12428,3.327
12429,5.988
12430,3.528
12431,6.29
12432,6.299
12433,3.826
12434,6.04
12435,3.105
12436,4.945
12437,5.983
12438,3.715
12439,4.891
12440,5.957
12441,4.946
12442,6.049
12443,6.152
12444,4.202
12445,3.725
12446,3.149
12447,3.488
12448,2.953
12449,6.024
12450,5.694
12451,3.211
12452,6.042
12453,5.989
12454,2.912
12455,5.789
12456,5.324
12457,2.987
12458,5.475
12459,2.703
12460,2.657
12461,3.775
12462,5.415
12463,3.047
12464,5.6
12465,-0.002
12466,4.15
12467,5.829
12468,5.647
12469,5.354
12470,5.783
12471,2.949
12472,3.159
12473,3.863
12474,4.111
12475,3.25
12476,3.953
12477,3.117
12478,2.57
12479,6.066
12480,4.226
12481,6.029
12482,6.03
12483,5.059
12484,2.657
12485,6.099
12486,3.82
12487,6.111
12488,3.026
12489,6.026
12490,5.944
12491,5.251
12492,6.075
12493,5.512
12494,4.943
12495,2.911
12496,5.87
12497,3.892
12498,2.151
12499,3.757
12500,4.91
12501,2.463
12502,3.752
12503,4.324
12504,5.72
12505,6.155
12506,4.887
12507,4.946
12508,4.748
12509,3.303
12510,5.801
12511,6.125
12512,3.504
12513,5.309
12514,5.948
12515,4.168
12516,6.09
12517,6.184
12518,5.377
12519,4.696
12520,6.162
12521,5.815
12522,5.44
12523,6.024
12524,6.218
12525,3.325
12526,6.142
12527,3.842
12528,5.424
12529,2.116
12530,3.62
12531,4.315
12532,6.2
12533,3.188
12534,6.078
12535,4.649
12536,5.557
12537,4.427
12538,3.237
12539,3.856
12540,2.319
12541,4.034
12542,6.19
12543,4.683
12544,5.586
12545,3.398
12546,5.778
12547,3.083
12548,5.968
12549,3.825
12550,2.807
12551,6.158
12552,5.989
12553,5.884
12554,6.226
12555,5.744
12556,4.542
12557,2.575
12558,6.014
12559,6.966
12560,4.725
12561,6.413
12562,3.473
12563,6.033
12564,3.769
12565,4.187
12566,4.117
12567,4.407
12568,3.141
12569,2.863
12570,3.615
12571,5.462
12572,6.191
12573,3.348
12574,5.95
12575,6.217
12576,3.902
12577,6.07
12578,6.341
12579,5.977
12580,4.767
12581,6.763
12582,0.037
12583,5.993
12584,3.416
12585,5.441
12586,5.459
12587,3.079
12588,4.945
12589,5.546
12590,6.702
12591,5.843
12592,6.066
12593,6.014
12594,3.718
12595,6.018
12596,5.977
12597,4.766
12598,5.944
12599,4.792
12600,5.647
12601,6.196
12602,5.618
12603,3.15
12604,5.458
12605,5.8
12606,5.861
12607,4.222
12608,2.962
12609,2.579
12610,4.682
12611,3.07
12612,4.668
12613,6.011
12614,3.435
12615,5.992
12616,2.322
12617,2.371
12618,6.226
12619,5.862
12620,3.607
12621,3.491
12622,4.772
12623,6.048
12624,6.11
12625,5.888
12626,4.715
12627,4.144
12628,2.254
12629,3.045
12630,3.187
12631,6.547
12632,4.995
12633,4.944
12634,5.012
12635,6.015
12636,2.748
12637,6.259
12638,2.772
12639,5.405
12640,3.953
12641,6.257
12642,5.968
12643,5.136
12644,6.141
12645,5.725
12646,4.362
12647,5.762
12648,5.629
12649,6.114
12650,4.541
12651,6.089
12652,5.295
12653,6.055
12654,6.143
12655,5.581
12656,5.526
12657,4.967
12658,4.946
12659,5.848
12660,5.869
12661,3.973
12662,4.866
12663,3.909
12664,5.758
12665,5.818
12666,5.876
12667,2.615
12668,5.296
12669,3.854
12670,3.652
12671,3.847
12672,6.104
12673,5.7
12674,5.902
12675,6.031
12676,2.415
12677,5.656
12678,3.555
12679,2.948
12680,3.182
12681,2.592
12682,3.058
12683,5.808
12684,5.581
12685,5.55
12686,4.661
12687,4.387
12688,4.944
12689,1.061
12690,2.619
12691,3.926
12692,8.162
12693,5.343
12694,2.679
12695,4.102
12696,5.569
12697,4.374
12698,4.68
12699,5.579
12700,5.766
12701,7.471
12702,4.764
12703,5.968
12704,6.124
12705,3.089
12706,5.438
12707,5.983
12708,5.867
12709,4.992
12710,4.542
12711,4.322
12712,5.306
12713,6.108
12714,5.434
12715,4.341
12716,4.946
12717,3.017
12718,2.613
12719,3.321
12720,6.344
12721,4.686
12722,5.573
12723,2.956
12724,3.284
12725,3.561
12726,6.262
12727,2.96
12728,5.429
12729,2.925
12730,5.956
12731,5.216
12732,5.256
12733,5.557
12734,4.624
12735,6.134
12736,3.921
12737,6.144
12738,3.537
12739,5.953
12740,5.893
12741,5.847
12742,3.559
12743,4.288
12744,5.604
12745,6.073
12746,3.773
12747,5.735
12748,6.107
12749,4.213
12750,3.589
12751,4.293
12752,5.367
12753,5.874
12754,2.73
12755,5.9
12756,6.147
12757,4.644
12758,5.417
12759,6.018
12760,6.424
12761,6.084
12762,2.857
12763,2.967
12764,5.95
12765,2.812
12766,2.827
12767,4.984
12768,5.988
12769,6.072
12770,5.853
12771,5.873
12772,6.122
12773,3.632
12774,5.678
12775,7.468
12776,5.496
12777,5.816
12778,3.051
12779,3.289
12780,4.86
12781,4.277
12782,4.924
12783,2.788
12784,4.724
12785,5.885
12786,3.062
12787,5.024
12788,5.491
12789,1.898
12790,5.664
12791,4.682
12792,0.359
12793,0.333
12794,4.75
12795,6.019
12796,3.195
12797,6.194
12798,3.931
12799,6.277
12800,3.345
12801,5.422
12802,3.472
12803,2.611
12804,6.017
12805,4.48
12806,4.518
12807,4.297
12808,5.297
12809,4.595
12810,3.896
12811,6.027
12812,3.275
12813,6.107
12814,3.156
12815,3.56
12816,6.121
12817,6.072
12818,5.505
12819,5.447
12820,5.731
12821,6.023
12822,3.523
12823,6.025
12824,5.798
12825,5.957
12826,7.848
12827,6.112
12828,5.855
12829,6.229
12830,3.029
12831,5.993
12832,6.196
12833,4.677
12834,5.114
12835,4.527
12836,2.936
12837,4.934
12838,6.127
12839,5.216
12840,5.913
12841,6.115
12842,5.191
12843,4.873
12844,5.674
12845,3.784
12846,5.368
12847,5.169
12848,5.235
12849,5.98
12850,5.664
12851,5.16
12852,4.317
12853,3.458
12854,4.944
12855,4.877
12856,5.835
12857,5.733
12858,5.247
12859,2.342
12860,5.922
12861,3.333
12862,3.661
12863,2.331
12864,4.113
12865,3.415
12866,2.659
12867,3.442
12868,2.618
12869,6.053
12870,4.942
12871,6.019
12872,2.861
12873,2.709
12874,4.827
12875,5.345
12876,4.261
12877,4.946
12878,5.649
12879,5.88
12880,3.373
12881,5.803
12882,4.229
12883,4.501
12884,5.88
12885,5.792
12886,5.881
12887,6.218
12888,5.438
12889,4.351
12890,6.563
12891,4.944
12892,5.587
12893,6.205
12894,6.047
12895,4.404
12896,5.647
12897,3.54
12898,4.991
12899,4.99
12900,6.017
12901,6.257
12902,4.404
12903,3.688
12904,6.088
12905,6.197
12906,2.83
12907,6.077
12908,3.328
12909,6.229
12910,6.008
12911,5.541
12912,3.507
12913,4.772
12914,6.046
12915,5.783
12916,5.975
12917,4.565
12918,3.398
12919,3.315
12920,5.568
12921,3.73
12922,5.147
12923,6.154
12924,5.974
12925,3.326
12926,3.313
12927,4.33
12928,6.361
12929,4.039
12930,5.703
12931,3.055
12932,6.179
12933,4.182
12934,5.575
12935,4.683
12936,6.06
12937,2.847
12938,6.212
12939,5.839
12940,6.511
12941,3.132
12942,4.481
12943,3.883
12944,5.952
12945,3.397
12946,6.15
12947,0.082
12948,3.213
12949,4.026
12950,6.026
12951,6.153
12952,4.766
12953,3.338
12954,6.66
12955,6.078
12956,3.382
12957,5.46
12958,6.313
12959,3.119
12960,3.697
12961,3.024
12962,6.28
12963,4.159
12964,2.842
12965,5.544
12966,6.256
12967,7.047
12968,6.049
12969,3.925
12970,6.041
12971,3.17
12972,2.167
12973,5.659
12974,2.97
12975,5.548
12976,5.51
12977,5.456
12978,-0.098
12979,4.714
12980,5.127
12981,6.13
12982,5.629
12983,6.255
12984,2.618
12985,6.117
12986,6.138
12987,4.484
12988,5.874
12989,6.222
12990,3.761
12991,4.508
12992,3.027
12993,3.071
12994,2.932
12995,5.834
12996,3.356
12997,4.201
12998,5.788
12999,4.546
13000,4.921
13001,2.851
13002,3.087
13003,5.257
13004,6.053
13005,3.446
13006,5.3
13007,6.196
13008,2.152
13009,3.915
13010,6.127
13011,4.856
13012,4.156
13013,5.054
13014,2.767
13015,5.35
13016,6.165
13017,3.65
13018,5.957
13019,6.09
13020,4.959
13021,6.142
13022,6.028
13023,6.017
13024,6.287
13025,5.768
13026,2.48
13027,5.034
13028,5.945
13029,6.075
13030,5.998
13031,3.133
13032,4.332
13033,6.174
13034,3.418
13035,5.296
13036,5.882
13037,3.729
13038,6.039
13039,3.557
13040,4.372
13041,5.63
13042,5.257
13043,5.661
13044,6.154
13045,6.284
13046,6.194
13047,2.904
13048,5.066
13049,5.103
13050,6.034
13051,6.125
13052,6.05
13053,5.396
13054,5.647
13055,2.931
13056,3.738
13057,4.02
13058,4.025
13059,3.189
13060,6.168
13061,5.988
13062,6.142
13063,4.542
13064,5.981
13065,5.636
13066,4.312
13067,6.036
13068,5.566
13069,2.145
13070,6.085
13071,3.651
13072,2.887
13073,5.617
13074,6.038
13075,5.613
13076,3.277
13077,4.971
13078,5.905
13079,5.558
13080,3.675
13081,6.229
13082,5.733
13083,6.249
13084,4.993
13085,5.988
13086,5.869
13087,2.134
13088,6.142
13089,5.76
13090,6.138
13091,4.982
13092,5.735
13093,5.882
13094,5.996
13095,6.088
13096,5.978
13097,6.109
13098,5.374
13099,5.742
13100,5.704
13101,7.461
13102,6.075
13103,3.342
13104,5.523
13105,6.182
13106,7.472
13107,2.614
13108,3.188
13109,4.186
13110,5.758
13111,5.496
13112,5.78
13113,5.498
13114,5.671
13115,5.094
13116,6.352
13117,6.087
13118,5.038
13119,5.637
13120,3.705
13121,3.029
13122,3.357
13123,6.076
13124,4.482
13125,3.176
13126,3.182
13127,6.016
13128,4.893
13129,5.912
13130,5.499
13131,6.143
13132,6.109
13133,5.304
13134,4.248
13135,0.771
13136,4.878
13137,5.424
13138,5.844
13139,6.426
13140,4.311
13141,5.357
13142,5.284
13143,5.75
13144,5.646
13145,5.962
13146,6.107
13147,0.155
13148,6.068
13149,6.164
13150,2.827
13151,4.385
13152,3.698
13153,3.311
13154,2.989
13155,4.707
13156,2.563
13157,5.413
13158,4.699
13159,5.845
13160,3.125
13161,4.979
13162,5.045
13163,4.934
13164,3.134
13165,4.228
13166,5.865
13167,4.441
13168,5.941
13169,6.058
13170,6.091
13171,5.936
13172,4.823
13173,3.047
13174,5.982
13175,6.143
13176,4.798
13177,4.806
13178,5.791
13179,5.149
13180,6.032
13181,5.081
13182,4.33
13183,5.721
13184,4.655
13185,6.245
13186,3.587
13187,5.744
13188,5.137
13189,3.115
13190,3.83
13191,5.489
13192,5.792
13193,5.974
13194,3.622
13195,2.655
13196,5.445
13197,7.463
13198,6.431
13199,6.037
13200,3.714
13201,6.112
13202,5.756
13203,5.519
13204,2.791
13205,2.998
13206,5.613
13207,4.884
13208,2.135
13209,6.811
13210,5.954
13211,5.659
13212,4.369
13213,5.555
13214,3.401
13215,6.088
13216,5.419
13217,4.322
13218,2.799
13219,5.475
13220,4.381
13221,4.621
13222,4.818
13223,2.962
13224,6.414
13225,6.447
13226,6.234
13227,5.967
13228,6.196
13229,6.066
13230,6.246
13231,5.822
13232,4.893
13233,5.768
13234,6.057
13235,6.146
13236,5.802
13237,5.939
13238,5.292
13239,4.023
13240,6.179
13241,3.886
13242,5.808
13243,5.808
13244,5.609
13245,6.045
13246,4.125
13247,3.146
13248,3.123
13249,2.641
13250,5.992
13251,3.902
13252,5.88
13253,4.655
13254,2.931
13255,6.276
13256,2.892
13257,3.198
13258,5.651
13259,2.8
13260,2.381
13261,6.144
13262,5.875
13263,3.326
13264,4.899
13265,6.255
13266,5.975
13267,5.952
13268,6.0
13269,4.443
13270,3.444
13271,5.98
13272,2.73
13273,4.906
13274,3.266
13275,5.278
13276,5.984
13277,6.189
13278,5.737
13279,4.949
13280,4.341
13281,6.117
13282,6.193
13283,1.539
13284,4.941
13285,6.204
13286,3.672
13287,3.997
13288,2.768
13289,4.595
13290,6.969
13291,4.815
13292,4.464
13293,3.905
13294,3.497
13295,4.777
13296,6.15
13297,3.2
13298,5.834
13299,2.898
13300,3.014
13301,5.369
13302,6.647
13303,5.815
13304,5.394
13305,5.866
13306,3.187
13307,5.358
13308,3.738
13309,5.234
13310,5.393
13311,4.492
13312,5.043
13313,3.283
13314,6.207
13315,2.926
13316,5.997
13317,7.46
13318,6.179
13319,2.941
13320,5.01
13321,2.916
13322,2.493
13323,2.343
13324,5.521
13325,3.649
13326,3.566
13327,6.13
13328,5.143
13329,5.789
13330,2.648
13331,5.802
13332,4.096
13333,5.598
13334,6.091
13335,5.486
13336,4.758
13337,2.801
13338,2.963
13339,3.056
13340,5.601
13341,4.148
13342,6.181
13343,2.743
13344,6.119
13345,3.187
13346,5.641
13347,3.35
13348,6.066
13349,5.338
13350,5.327
13351,6.21
13352,6.053
13353,5.665
13354,5.761
13355,5.884
13356,0.523
13357,3.358
13358,5.484
13359,5.47
13360,4.812
13361,4.41
13362,2.791
13363,5.548
13364,6.149
13365,5.584
13366,4.654
13367,5.698
13368,6.158
13369,4.691
13370,5.6
13371,6.182
13372,4.95
13373,6.056
13374,6.178
13375,6.294
13376,3.018
13377,3.395
13378,6.06
13379,6.063
13380,5.896
13381,3.882
13382,4.912
13383,5.08
13384,5.692
13385,3.137
13386,3.423
13387,5.758
13388,6.063
13389,4.688
13390,4.893
13391,4.629
13392,4.25
13393,4.68
13394,5.882
13395,5.958
13396,5.571
13397,2.913
13398,4.723
13399,5.82
13400,3.623
13401,5.916
13402,3.58
13403,5.615
13404,6.299
13405,3.176
13406,6.118
13407,4.162
13408,4.241
13409,5.819
13410,6.144
13411,2.581
13412,4.439
13413,3.274
13414,4.434
13415,5.639
13416,3.217
13417,5.495
13418,2.89
13419,5.702
13420,8.29
13421,5.224
13422,6.078
13423,5.903
13424,4.592
13425,2.608
13426,5.025
13427,4.971
13428,6.025
13429,3.147
13430,4.728
13431,3.32
13432,5.907
13433,4.37
13434,4.958
13435,5.354
13436,4.647
13437,3.028
13438,4.493
13439,3.063
13440,4.282
13441,6.969
13442,5.186
13443,6.103
13444,5.665
13445,4.607
13446,2.86
13447,5.91
13448,6.099
13449,5.973
13450,2.717
13451,3.17
13452,5.875
13453,6.221
13454,4.876
13455,6.071
13456,5.904
13457,2.472
13458,6.025
13459,5.627
13460,2.583
13461,6.064
13462,6.038
13463,3.275
13464,6.168
13465,3.485
13466,5.062
13467,6.13
13468,6.436
13469,3.458
13470,4.686
13471,3.914
13472,4.497
13473,4.989
13474,5.654
13475,4.145
13476,2.205
13477,2.635
13478,4.665
13479,3.812
13480,3.082
13481,5.614
13482,4.545
13483,3.742
13484,6.143
13485,5.969
13486,6.031
13487,3.938
13488,5.626
13489,3.411
13490,2.219
13491,4.976
13492,3.787
13493,3.061
13494,4.83
13495,2.902
13496,2.909
13497,4.406
13498,5.564
13499,4.994
13500,4.908
13501,3.029
13502,5.046
13503,6.226
13504,6.262
13505,5.915
13506,6.296
13507,6.052
13508,5.361
13509,5.925
13510,6.191
13511,4.811
13512,6.061
13513,3.482
13514,5.493
13515,4.714
13516,6.257
13517,1.339
13518,5.424
13519,5.41
13520,5.209
13521,5.563
13522,3.459
13523,4.577
13524,6.28
13525,6.122
13526,3.826
13527,5.85
13528,6.082
13529,5.937
13530,5.585
13531,5.996
13532,3.144
13533,2.914
13534,2.139
13535,5.308
13536,5.575
13537,6.12
13538,4.216
13539,5.391
13540,6.182
13541,5.827
13542,6.087
13543,6.244
13544,3.304
13545,6.158
13546,6.042
13547,4.233
13548,4.215
13549,2.071
13550,5.05
13551,5.988
13552,6.035
13553,5.418
13554,6.107
13555,4.375
13556,5.967
13557,5.77
13558,5.575
13559,5.918
13560,4.483
13561,6.108
13562,6.139
13563,5.347
13564,4.851
13565,2.133
13566,4.324
13567,5.938
13568,3.701
13569,5.712
13570,6.064
13571,1.365
13572,5.398
13573,4.583
13574,4.677
13575,4.368
13576,2.831
13577,5.942
13578,84.163
13579,6.212
13580,5.914
13581,2.941
13582,3.449
13583,5.767
13584,5.304
13585,6.975
13586,6.13
13587,3.608
13588,5.066
13589,5.852
13590,5.945
13591,4.935
13592,4.81
13593,4.835
13594,5.746
13595,6.147
13596,6.145
13597,5.808
13598,5.969
13599,6.027
13600,6.105
13601,6.051
13602,6.066
13603,2.727
13604,5.618
13605,6.033
13606,3.191
13607,6.141
13608,4.4
13609,5.399
13610,6.087
13611,4.916
13612,5.59
13613,6.126
13614,6.227
13615,5.743
13616,5.827
13617,4.068
13618,4.925
13619,6.0
13620,4.659
13621,3.746
13622,3.576
13623,4.463
13624,5.55
13625,2.98
13626,4.986
13627,6.26
13628,3.947
13629,3.364
13630,1.706
13631,3.45
13632,3.19
13633,5.958
13634,2.721
13635,3.224
13636,3.576
13637,5.925
13638,5.581
13639,6.011
13640,4.98
13641,5.212
13642,6.002
13643,5.994
13644,4.67
13645,5.984
13646,6.06
13647,6.424
13648,5.396
13649,0.295
13650,3.959
13651,5.987
13652,5.808
13653,5.889
13654,5.996
13655,3.249
13656,6.306
13657,5.928
13658,6.267
13659,4.481
13660,5.005
13661,4.627
13662,4.664
13663,6.586
13664,5.818
13665,3.967
13666,5.247
13667,3.933
13668,5.637
13669,6.003
13670,4.408
13671,4.324
13672,5.881
13673,5.395
13674,4.81
13675,6.051
13676,5.491
13677,5.952
13678,0.857
13679,6.13
13680,6.081
13681,5.877
13682,3.1
13683,3.584
13684,4.238
13685,3.232
13686,6.106
13687,5.943
13688,4.432
13689,3.892
13690,2.984
13691,5.551
13692,5.977
13693,6.077
13694,5.938
13695,3.247
13696,6.066
13697,5.203
13698,6.176
13699,3.634
13700,3.427
13701,5.902
13702,3.198
13703,5.236
13704,6.074
13705,3.543
13706,0.119
13707,3.766
13708,2.831
13709,2.948
13710,2.353
13711,5.649
13712,2.856
13713,6.217
13714,5.576
13715,4.946
13716,11.734
13717,5.917
13718,5.222
13719,5.708
13720,6.193
13721,6.047
13722,6.195
13723,5.403
13724,6.026
13725,0.039
13726,6.036
13727,4.964
13728,4.926
13729,5.657
13730,5.106
13731,2.134
13732,3.021
13733,4.099
13734,4.725
13735,6.118
13736,5.924
13737,4.93
13738,2.979
13739,5.609
13740,5.993
13741,5.733
13742,4.848
13743,6.304
13744,6.103
13745,5.674
13746,5.717
13747,2.963
13748,6.078
13749,6.144
13750,6.13
13751,5.98
13752,5.805
13753,5.988
13754,6.333
13755,5.683
13756,5.739
13757,2.612
13758,3.192
13759,3.196
13760,2.601
13761,5.926
13762,5.327
13763,5.368
13764,7.036
13765,5.731
13766,4.741
13767,3.012
13768,6.113
13769,5.391
13770,4.968
13771,5.377
13772,3.614
13773,3.57
13774,6.13
13775,3.071
13776,3.378
13777,5.784
13778,4.944
13779,3.688
13780,5.976
13781,3.526
13782,2.797
13783,4.956
13784,6.037
13785,6.027
13786,5.98
13787,6.111
13788,5.346
13789,4.945
13790,3.632
13791,4.724
13792,3.347
13793,3.521
13794,4.975
13795,5.69
13796,3.848
13797,6.301
13798,2.415
13799,2.858
13800,3.316
13801,6.127
13802,6.062
13803,5.011
13804,2.941
13805,5.356
13806,5.067
13807,5.707
13808,5.068
13809,5.432
13810,6.136
13811,6.088
13812,6.275
13813,3.956
13814,5.995
13815,3.224
13816,3.832
13817,5.995
13818,6.012
13819,3.796
13820,6.189
13821,3.027
13822,6.079
13823,5.733
13824,5.037
13825,6.103
13826,5.698
13827,4.564
13828,6.131
13829,4.589
13830,5.41
13831,5.757
13832,5.524
13833,6.078
13834,3.411
13835,6.094
13836,5.727
13837,6.027
13838,4.842
13839,2.833
13840,5.918
13841,5.361
13842,5.977
13843,4.573
13844,6.141
13845,4.41
13846,10.919
13847,5.332
13848,5.583
13849,4.253
13850,5.609
13851,4.391
13852,6.321
13853,5.725
13854,4.523
13855,3.218
13856,2.134
13857,5.66
13858,3.042
13859,3.281
13860,6.002
13861,3.549
13862,3.137
13863,2.915
13864,6.041
13865,6.045
13866,6.254
13867,3.782
13868,2.951
13869,6.033
13870,3.991
13871,6.044
13872,6.146
13873,6.168
13874,5.788
13875,5.341
13876,6.143
13877,5.201
13878,3.926
13879,5.289
13880,6.082
13881,3.349
13882,5.245
13883,4.281
13884,5.403
13885,3.171
13886,3.732
13887,5.521
13888,3.208
13889,6.28
13890,6.974
13891,5.251
13892,6.056
13893,5.818
13894,4.933
13895,6.205
13896,5.262
13897,5.764
13898,3.467
13899,4.936
13900,2.69
13901,6.058
13902,5.748
13903,3.649
13904,5.305
13905,4.523
13906,6.026
13907,4.811
13908,0.306
13909,3.591
13910,5.718
13911,6.245
13912,3.689
13913,3.865
13914,5.951
13915,4.005
13916,5.764
13917,3.309
13918,3.394
13919,3.093
13920,5.73
13921,6.114
13922,6.016
13923,3.508
13924,5.29
13925,5.79
13926,5.427
13927,5.972
13928,6.135
13929,3.447
13930,0.035
13931,2.134
13932,5.887
13933,6.255
13934,6.11
13935,2.586
13936,5.024
13937,3.701
13938,2.618
13939,5.49
13940,4.72
13941,3.255
13942,5.882
13943,3.795
13944,4.123
13945,2.932
13946,3.159
13947,6.151
13948,5.283
13949,3.39
13950,2.91
13951,5.939
13952,6.115
13953,4.946
13954,6.114
13955,2.751
13956,3.848
13957,2.93
13958,6.195
13959,4.003
13960,6.189
13961,6.143
13962,5.413
13963,3.877
13964,6.486
13965,6.16
13966,6.168
13967,6.04
13968,3.083
13969,6.089
13970,6.049
13971,6.014
13972,3.588
13973,4.221
13974,6.094
13975,5.967
13976,2.929
13977,6.167
13978,3.491
13979,5.035
13980,4.679
13981,5.742
13982,6.0
13983,4.532
13984,3.35
13985,6.029
13986,2.594
13987,3.9
13988,2.532
13989,5.606
13990,6.08
13991,6.12
13992,5.598
13993,6.333
13994,3.766
13995,5.834
13996,6.06
13997,3.508
13998,6.201
13999,3.177
14000,2.399
14001,5.104
14002,4.127
14003,5.984
14004,5.351
14005,5.603
14006,6.216
14007,2.133
14008,6.969
14009,6.229
14010,7.464
14011,2.776
14012,6.032
14013,6.91
14014,6.047
14015,6.056
14016,2.857
14017,5.302
14018,6.014
14019,3.371
14020,4.911
14021,5.063
14022,3.136
14023,5.571
14024,6.044
14025,6.135
14026,6.152
14027,4.15
14028,6.167
14029,5.062
14030,5.528
14031,5.293
14032,5.158
14033,5.984
14034,6.211
14035,3.488
14036,4.366
14037,4.942
14038,5.931
14039,5.234
14040,3.046
14041,5.989
14042,4.899
14043,3.016
14044,5.061
14045,3.04
14046,2.969
14047,5.189
14048,6.078
14049,5.666
14050,5.728
14051,6.098
14052,2.748
14053,3.854
14054,6.133
14055,4.943
14056,6.068
14057,6.649
14058,1.534
14059,4.902
14060,6.159
14061,4.943
14062,3.922
14063,5.888
14064,5.401
14065,6.005
14066,3.643
14067,5.916
14068,3.405
14069,5.478
14070,2.671
14071,2.901
14072,2.768
14073,3.069
14074,6.086
14075,6.104
14076,6.647
14077,5.927
14078,6.063
14079,5.697
14080,4.677
14081,5.98
14082,2.889
14083,5.876
14084,6.172
14085,5.835
14086,2.579
14087,6.096
14088,3.018
14089,6.27
14090,5.954
14091,3.725
14092,6.267
14093,6.04
14094,4.671
14095,5.566
14096,5.934
14097,2.891
14098,4.568
14099,6.972
14100,2.717
14101,5.727
14102,5.893
14103,5.886
14104,5.963
14105,4.485
14106,3.602
14107,4.781
14108,5.734
14109,4.127
14110,4.993
14111,3.384
14112,5.878
14113,4.293
14114,6.981
14115,3.634
14116,5.763
14117,5.962
14118,1.277
14119,2.904
14120,2.94
14121,5.972
14122,6.15
14123,2.759
14124,5.918
14125,6.085
14126,5.579
14127,3.933
14128,4.964
14129,5.886
14130,5.859
14131,5.484
14132,3.187
14133,3.746
14134,6.01
14135,4.943
14136,2.949
14137,6.056
14138,5.421
14139,5.07
14140,3.955
14141,5.949
14142,2.112
14143,2.647
14144,6.03
14145,2.796
14146,5.432
14147,6.22
14148,5.942
14149,5.738
14150,5.638
14151,2.129
14152,4.571
14153,5.074
14154,3.309
14155,3.073
14156,5.736
14157,5.178
14158,4.872
14159,5.853
14160,6.09
14161,5.763
14162,5.02
14163,5.577
14164,5.909
14165,3.705
14166,2.833
14167,5.678
14168,5.754
14169,0.017
14170,6.149
14171,6.289
14172,5.94
14173,5.666
14174,3.96
14175,3.096
14176,4.045
14177,5.069
14178,4.673
14179,4.652
14180,3.545
14181,6.139
14182,5.991
14183,6.255
14184,3.683
14185,4.234
14186,6.05
14187,5.631
14188,5.34
14189,3.723
14190,6.173
14191,3.136
14192,6.269
14193,6.089
14194,7485.714
14195,2.905
14196,5.625
14197,5.872
14198,3.607
14199,5.97
14200,3.614
14201,6.196
14202,6.153
14203,5.657
14204,5.643
14205,5.436
14206,5.772
14207,4.154
14208,2.218
14209,3.353
14210,6.398
14211,5.293
14212,5.733
14213,6.269
14214,5.77
14215,4.783
14216,4.148
14217,4.924
14218,2.93
14219,4.894
14220,6.201
14221,5.889
14222,2.81
14223,5.795
14224,5.917
14225,3.857
14226,6.087
14227,6.058
14228,4.248
14229,5.008
14230,6.08
14231,5.962
14232,3.627
14233,6.042
14234,4.802
14235,6.115
14236,4.627
14237,3.032
14238,3.82
14239,6.199
14240,6.124
14241,6.317
14242,5.797
14243,6.073
14244,5.994
14245,4.222
14246,5.66
14247,5.733
14248,5.178
14249,6.001
14250,3.722
14251,6.046
14252,6.099
14253,4.954
14254,5.603
14255,2.974
14256,2.895
14257,5.864
14258,4.992
14259,6.032
14260,5.343
14261,5.403
14262,3.003
14263,3.284
14264,3.648
14265,6.247
14266,5.935
14267,4.967
14268,3.064
14269,3.644
14270,5.94
14271,5.365
14272,2.663
14273,4.86
14274,2.527
14275,5.938
14276,4.943
14277,3.698
14278,6.114
14279,6.448
14280,5.898
14281,4.994
14282,6.372
14283,3.403
14284,4.006
14285,6.259
14286,2.251
14287,2.242
14288,5.801
14289,4.688
14290,2.881
14291,5.853
14292,3.181
14293,4.804
14294,3.346
14295,5.067
14296,6.423
14297,5.059
14298,6.716
14299,2.762
14300,5.532
14301,6.181
14302,5.755
14303,2.947
14304,4.654
14305,3.24
14306,5.137
14307,5.834
14308,3.393
14309,4.23
14310,5.154
14311,4.907
14312,4.368
14313,6.098
14314,6.12
14315,5.896
14316,5.968
14317,5.906
14318,4.324
14319,2.132
14320,4.008
14321,2.807
14322,5.88
14323,6.052
14324,3.817
14325,2.785
14326,1.452
14327,3.44
14328,5.903
14329,4.221
14330,3.488
14331,5.955
14332,6.242
14333,5.997
14334,5.774
14335,6.23
14336,4.212
14337,4.839
14338,4.462
14339,3.193
14340,2.844
14341,6.566
14342,4.921
14343,3.38
14344,3.539
14345,3.873
14346,6.268
14347,4.991
14348,6.109
14349,4.316
14350,4.993
14351,2.555
14352,4.76
14353,5.818
14354,6.222
14355,5.507
14356,4.77
14357,3.425
14358,5.969
14359,6.134
14360,6.183
14361,6.162
14362,5.258
14363,5.719
14364,6.074
14365,5.316
14366,6.054
14367,4.945
14368,3.275
14369,5.017
14370,6.243
14371,4.053
14372,4.367
14373,6.16
14374,5.596
14375,5.916
14376,6.069
14377,4.17
14378,4.771
14379,5.059
14380,3.578
14381,5.725
14382,2.661
14383,5.617
14384,6.11
14385,3.239
14386,4.779
14387,4.683
14388,5.407
14389,3.995
14390,5.309
14391,6.438
14392,8.164
14393,4.018
14394,6.266
14395,4.686
14396,6.071
14397,5.771
14398,3.277
14399,2.745
14400,4.872
14401,7.316
14402,4.662
14403,6.826
14404,3.567
14405,6.079
14406,5.977
14407,6.278
14408,5.741
14409,5.966
14410,5.552
14411,5.954
14412,4.017
14413,6.024
14414,6.062
14415,5.922
14416,5.912
14417,5.518
14418,3.202
14419,4.183
14420,5.594
14421,5.615
14422,6.131
14423,5.954
14424,2.754
14425,3.112
14426,6.21
14427,2.519
14428,2.765
14429,3.398
14430,5.841
14431,4.402
14432,4.883
14433,3.759
14434,6.131
14435,4.802
14436,6.099
14437,-0.006
14438,5.01
14439,6.261
14440,4.856
14441,5.808
14442,3.352
14443,5.042
14444,4.426
14445,2.756
14446,4.717
14447,5.669
14448,3.502
14449,6.05
14450,2.587
14451,5.5
14452,3.133
14453,5.291
14454,5.966
14455,3.446
14456,5.995
14457,5.895
14458,5.316
14459,6.01
14460,5.74
14461,5.952
14462,6.218
14463,4.019
14464,6.014
14465,4.762
14466,6.023
14467,6.016
14468,6.128
14469,6.079
14470,5.62
14471,4.159
14472,5.69
14473,6.143
14474,3.404
14475,6.104
14476,6.055
14477,6.29
14478,6.182
14479,6.213
14480,3.838
14481,5.35
14482,5.029
14483,5.514
14484,6.101
14485,5.914
14486,6.166
14487,4.075
14488,3.835
14489,6.194
14490,2.676
14491,2.914
14492,6.073
14493,5.675
14494,5.837
14495,3.613
14496,6.1
14497,3.63
14498,5.334
14499,5.147
14500,6.183
14501,4.931
14502,5.745
14503,5.581
14504,6.105
14505,4.521
14506,5.081
14507,5.951
14508,5.806
14509,5.33
14510,4.08
14511,9.473
14512,4.042
14513,2.76
14514,4.959
14515,5.212
14516,6.215
14517,3.469
14518,5.88
14519,3.403
14520,4.376
14521,4.688
14522,5.913
14523,2.569
14524,4.944
14525,5.886
14526,6.043
14527,5.89
14528,3.451
14529,5.779
14530,4.997
14531,6.047
14532,5.062
14533,4.083
14534,6.262
14535,3.294
14536,3.592
14537,6.074
14538,3.806
14539,5.405
14540,6.026
14541,5.849
14542,5.542
14543,6.045
14544,5.044
14545,4.328
14546,4.554
14547,2.134
14548,6.103
14549,4.923
14550,5.752
14551,3.336
14552,5.743
14553,5.215
14554,4.661
14555,5.859
14556,3.394
14557,2.177
14558,5.81
14559,4.943
14560,4.701
14561,3.833
14562,6.348
14563,4.676
14564,4.395
14565,5.577
14566,5.825
14567,7.802
14568,2.736
14569,5.979
14570,6.131
14571,5.771
14572,2.832
14573,4.945
14574,5.32
14575,3.288
14576,6.017
14577,5.872
14578,3.807
14579,6.994
14580,4.304
14581,5.559
14582,5.696
14583,5.15
14584,2.831
14585,6.15
14586,5.695
14587,6.021
14588,6.277
14589,5.807
14590,4.883
14591,5.952
14592,5.824
14593,4.243
14594,4.945
14595,3.281
14596,6.059
14597,5.65
14598,3.275
14599,3.941
14600,2.577
14601,4.945
14602,4.933
14603,4.185
14604,5.554
14605,5.781
14606,3.586
14607,5.895
14608,5.712
14609,6.23
14610,5.213
14611,4.659
14612,3.815
14613,5.508
14614,4.699
14615,6.14
14616,2.543
14617,3.969
14618,6.089
14619,5.957
14620,6.155
14621,3.391
14622,2.13
14623,5.408
14624,5.668
14625,6.089
14626,2.787
14627,2.157
14628,6.117
14629,3.25
14630,4.858
14631,2.818
14632,6.022
14633,5.526
14634,5.885
14635,5.522
14636,6.18
14637,2.257
14638,4.61
14639,6.042
14640,2.733
14641,5.903
14642,6.953
14643,6.108
14644,3.591
14645,4.425
14646,5.522
14647,6.054
14648,1.801
14649,2.818
14650,6.041
14651,3.656
14652,3.959
14653,5.707
14654,2.145
14655,5.448
14656,5.611
14657,4.735
14658,3.637
14659,4.682
14660,5.515
14661,2.133
14662,6.088
14663,5.417
14664,6.301
14665,5.655
14666,6.074
14667,5.705
14668,2.093
14669,4.705
14670,4.938
14671,5.267
14672,5.093
14673,5.165
14674,6.105
14675,6.023
14676,4.897
14677,2.754
14678,3.089
14679,5.643
14680,3.703
14681,3.17
14682,5.244
14683,4.816
14684,6.132
14685,4.679
14686,6.012
14687,3.413
14688,4.713
14689,3.024
14690,3.639
14691,2.466
14692,5.768
14693,5.174
14694,4.334
14695,4.68
14696,5.542
14697,6.168
14698,6.005
14699,3.22
14700,2.837
14701,5.671
14702,5.956
14703,2.98
14704,5.756
14705,4.135
14706,5.492
14707,5.661
14708,5.821
14709,5.751
14710,4.348
14711,5.001
14712,5.592
14713,4.209
14714,2.754
14715,3.671
14716,3.398
14717,4.858
14718,4.378
14719,6.058
14720,4.942
14721,4.933
14722,5.814
14723,4.481
14724,5.892
14725,0.389
14726,6.013
14727,2.992
14728,6.971
14729,5.573
14730,3.215
14731,5.486
14732,5.446
14733,6.133
14734,5.946
14735,5.368
14736,4.922
14737,6.042
14738,4.457
14739,4.79
14740,6.032
14741,2.717
14742,6.039
14743,5.241
14744,6.041
14745,2.685
14746,5.789
14747,6.047
14748,3.4
14749,4.672
14750,3.17
14751,2.799
14752,5.766
14753,5.99
14754,3.033
14755,4.554
14756,2.803
14757,5.606
14758,3.142
14759,5.942
14760,5.062
14761,4.938
14762,5.448
14763,6.35
14764,5.065
14765,5.849
14766,5.965
14767,5.803
14768,3.518
14769,5.414
14770,5.113
14771,3.281
14772,5.739
14773,4.829
14774,6.092
14775,5.889
14776,5.648
14777,4.935
14778,6.277
14779,6.221
14780,6.072
14781,6.087
14782,4.455
14783,4.62
14784,5.889
14785,11.737
14786,6.209
14787,4.68
14788,5.426
14789,4.443
14790,6.088
14791,5.139
14792,4.719
14793,6.21
14794,4.068
14795,3.5
14796,3.079
14797,3.082
14798,6.023
14799,5.605
14800,6.236
14801,2.851
14802,6.966
14803,6.105
14804,6.293
14805,5.034
14806,3.175
14807,6.02
14808,5.364
14809,4.962
14810,5.849
14811,3.306
14812,6.101
14813,5.435
14814,5.94
14815,5.933
14816,4.298
14817,6.012
14818,4.945
14819,6.035
14820,6.133
14821,5.379
14822,3.53
14823,4.718
14824,4.886
14825,3.727
14826,4.819
14827,3.664
14828,6.103
14829,5.863
14830,6.147
14831,3.982
14832,5.815
14833,6.144
14834,5.966
14835,2.694
14836,5.706
14837,6.0
14838,5.846
14839,5.762
14840,6.12
14841,6.156
14842,5.481
14843,5.131
14844,5.817
14845,3.219
14846,4.274
14847,4.167
14848,5.691
14849,2.725
14850,5.791
14851,5.988
14852,4.722
14853,5.432
14854,4.125
14855,5.931
14856,6.506
14857,6.085
14858,6.086
14859,5.443
14860,6.143
14861,3.366
14862,6.812
14863,5.984
14864,6.031
14865,3.039
14866,5.067
14867,2.133
14868,6.176
14869,3.618
14870,5.764
14871,4.745
14872,10.873
14873,3.288
14874,5.866
14875,3.703
14876,3.277
14877,5.853
14878,2.769
14879,6.112
14880,5.564
14881,6.067
14882,5.337
14883,6.063
14884,6.016
14885,5.934
14886,6.177
14887,3.466
14888,3.316
14889,6.143
14890,6.066
14891,4.846
14892,3.913
14893,6.127
14894,6.071
14895,3.875
14896,4.198
14897,2.58
14898,6.045
14899,5.813
14900,3.032
14901,4.141
14902,5.765
14903,6.176
14904,4.394
14905,4.145
14906,6.312
14907,4.156
14908,6.246
14909,5.65
14910,5.99
14911,5.068
14912,4.467
14913,4.767
14914,4.08
14915,6.146
14916,2.85
14917,4.964
14918,5.431
14919,5.769
14920,4.717
14921,3.257
14922,5.299
14923,4.606
14924,4.009
14925,6.175
14926,4.681
14927,5.526
14928,3.19
14929,4.659
14930,5.214
14931,2.637
14932,4.441
14933,6.112
14934,6.056
14935,6.131
14936,6.012
14937,5.484
14938,5.629
14939,4.946
14940,5.807
14941,5.168
14942,5.712
14943,5.601
14944,5.229
14945,4.942
14946,5.906
14947,5.379
14948,6.215
14949,3.371
14950,6.194
14951,3.417
14952,6.129
14953,6.143
14954,5.588
14955,6.03
14956,2.765
14957,5.71
14958,5.319
14959,6.256
14960,3.741
14961,6.468
14962,4.721
14963,4.231
14964,1.657
14965,3.903
14966,5.636
14967,6.564
14968,3.173
14969,4.093
14970,7.851
14971,6.103
14972,6.014
14973,2.869
14974,2.187
14975,3.926
14976,4.392
14977,4.127
14978,4.03
14979,6.274
14980,4.36
14981,4.714
14982,2.979
14983,5.483
14984,4.669
14985,6.298
14986,5.88
14987,5.924
14988,6.028
14989,4.262
14990,5.496
14991,6.021
14992,5.683
14993,6.45
14994,4.952
14995,5.261
14996,5.848
14997,5.604
14998,4.739
14999,3.326
15000,5.702
15001,7.242
15002,4.714
15003,6.438
15004,6.936
15005,3.268
15006,6.346
15007,5.101
15008,6.144
15009,5.89
15010,5.916
15011,5.905
15012,3.256
15013,4.939
15014,6.218
15015,3.248
15016,5.516
15017,6.005
15018,3.197
15019,2.627
15020,6.021
15021,5.648
15022,4.879
15023,2.87
15024,4.667
15025,2.881
15026,4.408
15027,7.355
15028,5.982
15029,6.019
15030,5.683
15031,6.172
15032,4.791
15033,6.114
15034,2.838
15035,6.12
15036,2.859
15037,6.123
15038,4.22
15039,2.327
15040,5.799
15041,5.59
15042,3.376
15043,5.541
15044,6.026
15045,4.978
15046,6.131
15047,6.023
15048,6.371
15049,3.598
15050,2.774
15051,2.134
15052,6.08
15053,4.658
15054,5.988
15055,5.059
15056,5.606
15057,3.898
15058,6.279
15059,6.091
15060,4.178
15061,5.761
15062,6.209
15063,5.965
15064,3.014
15065,3.382
15066,6.051
15067,4.763
15068,4.179
15069,6.035
15070,-0.066
15071,5.523
15072,6.038
15073,5.621
15074,6.64
15075,4.437
15076,5.968
15077,6.034
15078,5.993
15079,6.13
15080,3.443
15081,4.953
15082,4.398
15083,3.628
15084,5.569
15085,1.799
15086,2.681
15087,4.734
15088,6.247
15089,6.103
15090,5.834
15091,6.02
15092,6.165
15093,5.982
15094,6.02
15095,5.386
15096,3.715
15097,3.123
15098,6.456
15099,6.092
15100,6.111
15101,6.369
15102,6.969
15103,6.006
15104,-0.221
15105,3.941
15106,6.181
15107,3.328
15108,4.867
15109,6.155
15110,3.363
15111,5.673
15112,6.007
15113,5.635
15114,5.743
15115,4.944
15116,3.422
15117,6.295
15118,5.147
15119,6.086
15120,3.399
15121,5.977
15122,6.018
15123,2.959
15124,6.117
15125,5.694
15126,3.134
15127,5.653
15128,6.129
15129,4.942
15130,3.352
15131,6.334
15132,4.833
15133,5.726
15134,5.366
15135,3.554
15136,2.83
15137,5.367
15138,6.184
15139,5.853
15140,6.208
15141,4.448
15142,4.662
15143,6.141
15144,6.406
15145,5.756
15146,5.26
15147,4.135
15148,6.231
15149,6.173
15150,6.174
15151,5.796
15152,3.737
15153,5.902
15154,5.919
15155,2.853
15156,1.259
15157,3.135
15158,5.704
15159,5.984
15160,4.598
15161,6.999
15162,2.828
15163,7.307
15164,4.376
15165,6.281
15166,5.938
15167,6.113
15168,6.008
15169,6.009
15170,5.589
15171,5.063
15172,6.18
15173,5.022
15174,5.733
15175,5.661
15176,4.246
15177,5.243
15178,5.778
15179,6.277
15180,3.755
15181,6.604
15182,6.13
15183,6.03
15184,3.554
15185,6.049
15186,6.061
15187,2.987
15188,3.195
15189,6.136
15190,6.146
15191,5.802
15192,6.075
15193,5.716
15194,6.306
15195,5.749
15196,6.062
15197,4.252
15198,5.84
15199,4.651
15200,3.26
15201,2.567
15202,3.942
15203,6.056
15204,3.9
15205,5.516
15206,3.164
15207,4.926
15208,2.871
15209,5.84
15210,6.85
15211,3.833
15212,3.004
15213,3.314
15214,3.369
15215,6.174
15216,6.316
15217,2.745
15218,4.87
15219,4.673
15220,2.809
15221,5.99
15222,6.172
15223,6.115
15224,2.974
15225,5.776
15226,2.741
15227,5.651
15228,6.231
15229,4.889
15230,4.128
15231,4.013
15232,5.132
15233,5.196
15234,4.885
15235,5.683
15236,5.031
15237,4.82
15238,4.837
15239,3.407
15240,5.546
15241,5.516
15242,5.525
15243,3.559
15244,2.134
15245,2.661
15246,5.565
15247,6.04
15248,6.315
15249,6.145
15250,5.481
15251,3.088
15252,6.286
15253,5.302
15254,5.825
15255,5.492
15256,5.632
15257,2.8
15258,6.133
15259,3.394
15260,4.68
15261,5.883
15262,5.269
15263,4.298
15264,6.098
15265,6.034
15266,2.811
15267,6.295
15268,5.99
15269,5.893
15270,6.155
15271,5.018
15272,0.527
15273,2.088
15274,3.729
15275,6.095
15276,4.345
15277,5.642
15278,6.144
15279,6.385
15280,3.208
15281,5.925
15282,5.976
15283,3.405
15284,4.49
15285,2.657
15286,5.368
15287,3.324
15288,6.183
15289,3.496
15290,4.298
15291,6.3
15292,4.03
15293,6.061
15294,6.104
15295,5.334
15296,5.733
15297,6.126
15298,6.123
15299,3.405
15300,5.217
15301,6.04
15302,5.499
15303,6.186
15304,6.212
15305,4.725
15306,3.989
15307,5.419
15308,5.96
15309,6.265
15310,5.31
15311,4.622
15312,5.911
15313,3.033
15314,5.63
15315,6.001
15316,6.191
15317,6.094
15318,2.83
15319,5.622
15320,4.676
15321,6.142
15322,5.977
15323,5.66
15324,4.073
15325,5.877
15326,3.599
15327,6.137
15328,2.125
15329,6.113
15330,5.287
15331,5.171
15332,4.313
15333,6.048
15334,4.736
15335,5.479
15336,4.769
15337,6.181
15338,5.252
15339,6.138
15340,5.766
15341,3.123
15342,4.674
15343,3.256
15344,3.484
15345,5.889
15346,5.078
15347,5.926
15348,3.443
15349,3.102
15350,5.972
15351,5.367
15352,4.031
15353,3.114
15354,3.082
15355,5.471
15356,5.985
15357,3.872
15358,6.062
15359,6.134
15360,5.738
15361,5.968
15362,5.46
15363,6.289
15364,5.944
15365,3.089
15366,4.026
15367,2.96
15368,5.908
15369,5.645
15370,3.867
15371,6.179
15372,5.994
15373,2.836
15374,3.621
15375,3.49
15376,6.057
15377,5.574
15378,2.86
15379,5.969
15380,4.799
15381,2.717
15382,3.143
15383,6.204
15384,5.458
15385,6.038
15386,6.454
15387,3.912
15388,6.146
15389,5.952
15390,4.221
15391,3.764
15392,6.47
15393,7.004
15394,5.561
15395,3.578
15396,5.349
15397,4.296
15398,5.779
15399,4.315
15400,4.511
15401,6.981
15402,5.212
15403,3.277
15404,3.392
15405,6.06
15406,6.148
15407,3.822
15408,3.159
15409,5.5
15410,4.536
15411,3.699
15412,6.036
15413,4.941
15414,3.383
15415,5.885
15416,3.939
15417,3.68
15418,3.257
15419,6.019
15420,5.218
15421,6.195
15422,5.49
15423,2.755
15424,5.893
15425,2.823
15426,4.945
15427,4.799
15428,6.261
15429,2.327
15430,5.25
15431,3.305
15432,3.76
15433,6.211
15434,6.265
15435,4.77
15436,3.536
15437,5.512
15438,5.809
15439,5.78
15440,4.946
15441,4.519
15442,5.686
15443,6.104
15444,2.896
15445,5.914
15446,5.302
15447,6.122
15448,5.876
15449,3.617
15450,4.765
15451,5.886
15452,5.155
15453,5.784
15454,5.744
15455,2.969
15456,6.037
15457,3.56
15458,5.363
15459,6.186
15460,5.618
15461,4.717
15462,6.095
15463,6.265
15464,4.418
15465,3.498
15466,4.511
15467,6.174
15468,4.394
15469,6.02
15470,6.048
15471,2.875
15472,6.185
15473,3.368
15474,3.464
15475,6.057
15476,5.912
15477,6.036
15478,3.731
15479,5.833
15480,4.351
15481,5.608
15482,6.105
15483,6.095
15484,6.968
15485,2.389
15486,5.182
15487,2.267
15488,6.164
15489,6.039
15490,5.305
15491,5.053
15492,6.088
15493,6.064
15494,6.117
15495,6.026
15496,4.952
15497,3.901
15498,5.797
15499,6.229
15500,4.364
15501,5.99
15502,4.999
15503,5.708
15504,6.061
15505,4.897
15506,6.073
15507,5.563
15508,5.04
15509,5.563
15510,2.939
15511,4.718
15512,5.316
15513,6.229
15514,5.71
15515,6.009
15516,5.962
15517,6.14
15518,5.88
15519,6.125
15520,5.943
15521,6.947
15522,5.304
15523,6.063
15524,6.08
15525,3.401
15526,3.626
15527,5.932
15528,6.072
15529,3.014
15530,3.335
15531,5.983
15532,5.135
15533,6.029
15534,5.891
15535,6.129
15536,4.766
15537,6.165
15538,3.238
15539,3.757
15540,3.288
15541,4.93
15542,6.111
15543,3.582
15544,2.843
15545,6.043
15546,6.205
15547,5.435
15548,6.265
15549,4.257
15550,5.721
15551,3.558
15552,6.226
15553,6.162
15554,5.968
15555,6.082
15556,3.778
15557,4.024
15558,4.898
15559,4.667
15560,2.493
15561,4.498
15562,5.094
15563,6.052
15564,3.377
15565,4.782
15566,5.766
15567,6.049
15568,6.114
15569,5.814
15570,6.003
15571,4.68
15572,5.136
15573,4.229
15574,5.05
15575,6.245
15576,6.035
15577,4.673
15578,4.833
15579,3.529
15580,6.121
15581,6.177
15582,5.51
15583,3.273
15584,3.104
15585,5.784
15586,4.572
15587,6.324
15588,6.02
15589,3.118
15590,2.773
15591,4.478
15592,6.422
15593,6.141
15594,5.782
15595,2.843
15596,3.742
15597,5.419
15598,6.084
15599,3.798
15600,4.944
15601,5.7
15602,3.543
15603,1.982
15604,3.347
15605,6.116
15606,5.632
15607,3.348
15608,5.802
15609,5.602
15610,4.024
15611,5.445
15612,5.021
15613,5.854
15614,4.348
15615,3.115
15616,5.174
15617,6.029
15618,5.845
15619,8.206
15620,5.854
15621,4.347
15622,4.772
15623,4.412
15624,5.728
15625,5.83
15626,6.159
15627,2.976
15628,6.171
15629,6.089
15630,6.139
15631,4.06
15632,2.982
15633,3.349
15634,5.756
15635,3.067
15636,4.997
15637,4.246
15638,3.379
15639,3.844
15640,5.82
15641,4.199
15642,4.573
15643,6.091
15644,6.474
15645,4.354
15646,5.831
15647,6.157
15648,4.024
15649,5.781
15650,4.355
15651,3.311
15652,4.557
15653,4.79
15654,2.836
15655,3.394
15656,3.303
15657,3.925
15658,2.363
15659,6.011
15660,5.988
15661,3.323
15662,6.566
15663,5.652
15664,5.391
15665,3.099
15666,5.458
15667,5.009
15668,4.692
15669,3.696
15670,3.195
15671,6.135
15672,5.764
15673,6.129
15674,2.678
15675,5.965
15676,5.466
15677,2.179
15678,5.822
15679,3.498
15680,5.343
15681,5.934
15682,4.741
15683,6.061
15684,3.96
15685,5.384
15686,5.873
15687,5.723
15688,2.857
15689,6.457
15690,4.301
15691,5.601
15692,5.802
15693,2.914
15694,5.277
15695,5.707
15696,6.165
15697,6.195
15698,4.929
15699,6.03
15700,6.139
15701,3.323
15702,3.723
15703,5.258
15704,5.231
15705,5.807
15706,4.944
15707,6.978
15708,5.674
15709,5.438
15710,6.2
15711,5.06
15712,5.142
15713,6.236
15714,4.232
15715,4.919
15716,4.975
15717,6.363
15718,6.076
15719,6.152
15720,6.081
15721,5.067
15722,3.162
15723,5.542
15724,3.051
15725,6.088
15726,6.046
15727,3.871
15728,11.746
15729,5.773
15730,5.055
15731,6.15
15732,5.058
15733,4.9
15734,3.497
15735,5.716
15736,6.175
15737,3.733
15738,5.772
15739,4.442
15740,5.844
15741,-0.284
15742,6.177
15743,4.215
15744,6.033
15745,3.939
15746,3.822
15747,7.862
15748,5.334
15749,6.23
15750,4.447
15751,2.833
15752,6.368
15753,4.35
15754,5.562
15755,5.64
15756,6.574
15757,2.749
15758,3.85
15759,5.369
15760,4.956
15761,6.005
15762,3.415
15763,4.248
15764,6.169
15765,6.399
15766,3.055
15767,6.069
15768,5.998
15769,4.944
15770,5.475
15771,3.548
15772,6.034
15773,5.753
15774,2.629
15775,4.683
15776,3.755
15777,2.415
15778,4.235
15779,3.051
15780,6.054
15781,6.056
15782,6.214
15783,6.057
15784,4.428
15785,5.355
15786,5.996
15787,8.675
15788,3.043
15789,3.559
15790,2.864
15791,5.119
15792,6.088
15793,5.582
15794,2.829
15795,3.723
15796,5.975
15797,6.02
15798,6.148
15799,3.729
15800,3.443
15801,6.26
15802,5.828
15803,6.048
15804,3.877
15805,6.118
15806,3.346
15807,6.189
15808,5.96
15809,5.372
15810,6.125
15811,5.91
15812,2.841
15813,5.815
15814,5.826
15815,3.9
15816,3.097
15817,4.724
15818,5.568
15819,5.68
15820,4.059
15821,3.028
15822,6.055
15823,2.984
15824,4.839
15825,3.862
15826,6.138
15827,5.985
15828,5.043
15829,3.036
15830,5.588
15831,5.803
15832,5.74
15833,5.012
15834,3.342
15835,6.112
15836,5.859
15837,5.033
15838,6.16
15839,1.157
15840,6.896
15841,4.152
15842,2.703
15843,5.721
15844,6.096
15845,3.931
15846,5.959
15847,1.375
15848,3.62
15849,3.252
15850,5.999
15851,6.176
15852,5.301
15853,6.133
15854,6.014
15855,5.66
15856,4.547
15857,2.86
15858,5.669
15859,5.792
15860,4.469
15861,4.817
15862,5.889
15863,3.795
15864,5.704
15865,4.369
15866,5.78
15867,4.53
15868,3.911
15869,4.284
15870,5.656
15871,2.789
15872,6.181
15873,5.982
15874,3.487
15875,5.485
15876,5.944
15877,5.454
15878,4.899
15879,2.657
15880,2.676
15881,4.726
15882,4.98
15883,6.297
15884,6.201
15885,6.288
15886,6.045
15887,3.273
15888,5.762
15889,4.96
15890,4.561
15891,4.255
15892,5.392
15893,3.296
15894,6.161
15895,4.723
15896,5.833
15897,6.075
15898,5.79
15899,5.474
15900,5.286
15901,3.925
15902,5.776
15903,5.373
15904,2.955
15905,5.748
15906,5.325
15907,5.676
15908,6.046
15909,5.581
15910,5.982
15911,5.714
15912,3.084
15913,5.928
15914,2.597
15915,4.678
15916,5.856
15917,3.675
15918,3.02
15919,3.541
15920,5.495
15921,4.96
15922,5.883
15923,5.697
15924,4.727
15925,0.671
15926,2.745
15927,5.45
15928,4.327
15929,3.452
15930,6.063
15931,5.987
15932,3.458
15933,3.279
15934,2.146
15935,2.936
15936,2.672
15937,6.97
15938,5.892
15939,5.97
15940,4.55
15941,2.648
15942,4.698
15943,5.691
15944,6.057
15945,5.952
15946,6.088
15947,6.271
15948,3.626
15949,6.03
15950,2.134
15951,5.628
15952,3.687
15953,5.885
15954,5.574
15955,2.923
15956,5.858
15957,5.011
15958,6.207
15959,5.321
15960,6.136
15961,4.048
15962,5.981
15963,5.733
15964,5.595
15965,6.212
15966,3.134
15967,4.895
15968,5.231
15969,5.574
15970,4.336
15971,5.662
15972,6.406
15973,3.225
15974,6.119
15975,5.457
15976,6.251
15977,6.108
15978,4.944
15979,6.206
15980,3.47
15981,5.26
15982,4.718
15983,5.319
15984,6.06
15985,7.124
15986,3.038
15987,3.535
15988,2.951
15989,4.739
15990,3.977
15991,6.157
15992,4.77
15993,2.424
15994,5.382
15995,6.171
15996,3.076
15997,6.033
15998,5.607
15999,4.038
16000,5.966
16001,4.297
16002,5.701
16003,5.3
16004,3.455
16005,5.825
16006,4.446
16007,4.665
16008,5.933
16009,5.476
16010,2.919
16011,5.787
16012,-0.29
16013,4.945
16014,5.743
16015,5.076
16016,4.918
16017,4.727
16018,5.462
16019,3.416
16020,5.62
16021,6.065
16022,3.514
16023,6.15
16024,6.312
16025,2.574
16026,3.681
16027,5.579
16028,5.452
16029,3.629
16030,4.681
16031,6.013
16032,3.054
16033,2.866
16034,6.106
16035,6.161
16036,6.086
16037,6.063
16038,6.004
16039,5.004
16040,5.695
16041,4.793
16042,6.153
16043,6.347
16044,5.992
16045,6.142
16046,6.299
16047,6.037
16048,2.552
16049,5.788
16050,2.785
16051,5.684
16052,2.658
16053,3.713
16054,3.425
16055,2.935
16056,5.904
16057,6.233
16058,6.081
16059,2.879
16060,3.056
16061,3.391
16062,2.621
16063,2.9
16064,5.899
16065,6.13
16066,6.251
16067,5.917
16068,6.05
16069,3.552
16070,5.893
16071,6.05
16072,4.766
16073,11.159
16074,2.735
16075,5.093
16076,6.105
16077,5.702
16078,3.455
16079,5.85
16080,5.959
16081,5.721
16082,5.871
16083,2.91
16084,4.945
16085,4.866
16086,6.138
16087,3.877
16088,3.349
16089,2.712
16090,6.1
16091,5.883
16092,3.633
16093,6.101
16094,2.871
16095,6.169
16096,6.068
16097,4.472
16098,5.768
16099,2.618
16100,3.263
16101,3.264
16102,2.732
16103,5.663
16104,4.298
16105,5.066
16106,5.905
16107,4.522
16108,6.021
16109,5.298
16110,6.18
16111,6.111
16112,6.021
16113,6.183
16114,2.901
16115,3.015
16116,6.12
16117,5.789
16118,3.415
16119,5.137
16120,6.046
16121,6.296
16122,5.993
16123,4.713
16124,4.231
16125,5.677
16126,3.316
16127,4.671
16128,3.156
16129,5.001
16130,4.605
16131,6.124
16132,6.152
16133,5.777
16134,5.103
16135,6.116
16136,6.179
16137,5.954
16138,6.292
16139,6.146
16140,6.132
16141,3.0
16142,6.193
16143,5.721
16144,2.69
16145,7.001
16146,6.145
16147,6.06
16148,5.708
16149,2.961
16150,5.093
16151,3.866
16152,4.147
16153,2.689
16154,2.803
16155,4.921
16156,3.959
16157,6.143
16158,6.179
16159,6.121
16160,4.461
16161,5.633
16162,6.117
16163,5.549
16164,2.722
16165,5.825
16166,5.743
16167,7.001
16168,4.136
16169,3.035
16170,6.181
16171,3.017
16172,6.081
16173,6.129
16174,6.196
16175,6.078
16176,3.649
16177,5.466
16178,3.178
16179,2.992
16180,6.137
16181,6.877
16182,6.086
16183,5.886
16184,6.02
16185,5.492
16186,3.432
16187,5.778
16188,3.073
16189,6.097
16190,6.111
16191,4.868
16192,4.98
16193,6.107
16194,4.077
16195,5.326
16196,4.877
16197,5.68
16198,5.571
16199,5.333
16200,6.07
16201,5.981
16202,5.891
16203,6.406
16204,3.706
16205,3.606
16206,5.706
16207,3.647
16208,4.751
16209,5.645
16210,2.472
16211,5.152
16212,6.24
16213,4.281
16214,6.969
16215,3.246
16216,6.04
16217,6.009
16218,3.622
16219,6.079
16220,5.786
16221,5.706
16222,2.95
16223,4.945
16224,6.807
16225,6.13
16226,5.823
16227,3.797
16228,6.205
16229,6.212
16230,3.795
16231,2.969
16232,5.865
16233,6.121
16234,6.027
16235,5.511
16236,2.559
16237,6.088
16238,6.088
16239,5.661
16240,6.072
16241,5.537
16242,4.259
16243,6.063
16244,6.14
16245,3.859
16246,5.601
16247,3.43
16248,3.92
16249,5.879
16250,4.825
16251,3.753
16252,5.302
16253,5.298
16254,3.784
16255,6.251
16256,0.455
16257,0.107
16258,5.064
16259,4.253
16260,6.301
16261,6.265
16262,4.604
16263,3.2
16264,4.944
16265,6.074
16266,4.772
16267,-25.413
16268,4.017
16269,4.942
16270,3.795
16271,6.215
16272,5.724
16273,4.985
16274,5.823
16275,5.709
16276,5.934
16277,5.62
16278,5.247
16279,3.396
16280,2.94
16281,4.993
16282,4.784
16283,5.03
16284,3.293
16285,5.316
16286,6.038
16287,2.942
16288,6.069
16289,3.461
16290,2.716
16291,6.066
16292,6.029
16293,5.329
16294,5.565
16295,6.108
16296,5.86
16297,3.903
16298,5.855
16299,5.449
16300,2.974
16301,5.058
16302,6.077
16303,3.755
16304,2.661
16305,2.889
16306,3.974
16307,2.649
16308,2.906
16309,3.066
16310,2.47
16311,5.679
16312,6.142
16313,3.547
16314,3.07
16315,5.562
16316,3.404
16317,5.887
16318,5.985
16319,4.94
16320,4.097
16321,6.217
16322,5.714
16323,6.208
16324,5.898
16325,3.341
16326,2.692
16327,2.952
16328,6.057
16329,6.106
16330,6.15
16331,6.222
16332,5.451
16333,3.068
16334,4.546
16335,5.051
16336,6.182
16337,6.102
16338,4.648
16339,3.514
16340,6.144
16341,6.113
16342,5.814
16343,4.155
16344,5.639
16345,5.957
16346,5.371
16347,5.122
16348,3.265
16349,2.775
16350,4.927
16351,5.776
16352,5.289
16353,6.129
16354,5.759
16355,2.79
16356,6.158
16357,2.931
16358,5.548
16359,5.836
16360,5.029
16361,2.983
16362,5.752
16363,5.143
16364,4.591
16365,5.816
16366,3.408
16367,4.721
16368,5.422
16369,2.533
16370,6.183
16371,5.265
16372,5.29
16373,2.589
16374,5.932
16375,5.528
16376,6.011
16377,5.941
16378,6.034
16379,5.724
16380,3.966
16381,6.078
16382,5.521
16383,4.461
16384,4.1
16385,6.272
16386,3.733
16387,6.181
16388,4.728
16389,3.229
16390,6.117
16391,3.7
16392,6.151
16393,6.278
16394,2.582
16395,2.683
16396,4.646
16397,4.916
16398,3.687
16399,6.605
16400,3.792
16401,6.118
16402,4.261
16403,4.994
16404,4.469
16405,6.186
16406,3.672
16407,4.964
16408,6.289
16409,4.448
16410,5.629
16411,6.043
16412,4.165
16413,6.121
16414,4.184
16415,5.741
16416,5.974
16417,6.168
16418,5.677
16419,3.35
16420,5.703
16421,3.446
16422,4.68
16423,6.139
16424,6.086
16425,3.45
16426,5.711
16427,6.287
16428,3.77
16429,3.128
16430,6.108
16431,3.054
16432,6.051
16433,5.984
16434,6.075
16435,3.078
16436,2.811
16437,6.114
16438,5.818
16439,6.124
16440,6.259
16441,2.677
16442,5.684
16443,4.125
16444,6.22
16445,6.109
16446,4.585
16447,6.155
16448,6.14
16449,3.573
16450,3.288
16451,3.307
16452,6.303
16453,3.071
16454,5.612
16455,2.606
16456,4.552
16457,5.243
16458,6.064
16459,4.946
16460,6.189
16461,4.665
16462,3.33
16463,6.056
16464,5.851
16465,3.749
16466,5.287
16467,5.851
16468,5.42
16469,3.658
16470,3.108
16471,6.056
16472,6.305
16473,6.095
16474,4.284
16475,3.252
16476,5.519
16477,5.858
16478,5.78
16479,5.798
16480,2.763
16481,4.117
16482,6.281
16483,5.263
16484,5.961
16485,6.073
16486,5.707
16487,5.055
16488,5.753
16489,4.946
16490,3.171
16491,6.46
16492,6.057
16493,5.7
16494,5.983
16495,3.331
16496,2.755
16497,5.571
16498,4.258
16499,5.999
16500,3.889
16501,4.959
16502,5.467
16503,6.126
16504,3.589
16505,6.16
16506,6.014
16507,5.809
16508,6.117
16509,5.138
16510,6.426
16511,3.352
16512,6.141
16513,3.59
16514,5.772
16515,2.735
16516,5.533
16517,3.639
16518,5.704
16519,4.291
16520,5.327
16521,3.466
16522,5.84
16523,5.855
16524,5.918
16525,5.687
16526,5.44
16527,6.062
16528,2.72
16529,6.033
16530,4.837
16531,3.688
16532,3.827
16533,6.143
16534,6.251
16535,4.141
16536,5.02
16537,5.791
16538,6.079
16539,5.87
16540,5.852
16541,6.037
16542,5.818
16543,3.543
16544,6.068
16545,2.943
16546,5.97
16547,5.697
16548,5.879
16549,5.581
16550,6.119
16551,3.247
16552,5.339
16553,6.124
16554,5.969
16555,0.094
16556,3.42
16557,2.77
16558,9.129
16559,3.175
16560,1.78
16561,4.657
16562,3.909
16563,2.957
16564,4.333
16565,6.118
16566,5.826
16567,5.297
16568,5.062
16569,0.006
16570,6.124
16571,5.736
16572,4.614
16573,6.101
16574,2.165
16575,6.106
16576,5.347
16577,6.268
16578,3.703
16579,3.578
16580,2.29
16581,6.298
16582,4.225
16583,2.6
16584,3.648
16585,5.75
16586,5.7
16587,5.992
16588,6.057
16589,4.136
16590,5.657
16591,3.722
16592,4.648
16593,5.715
16594,4.556
16595,3.399
16596,4.518
16597,2.692
16598,5.679
16599,5.733
16600,3.183
16601,3.921
16602,5.622
16603,6.422
16604,5.51
16605,6.116
16606,5.88
16607,5.749
16608,5.663
16609,3.107
16610,6.116
16611,4.808
16612,2.784
16613,6.055
16614,2.134
16615,3.928
16616,5.561
16617,3.99
16618,6.117
16619,3.66
16620,3.269
16621,5.449
16622,5.924
16623,6.161
16624,5.807
16625,4.249
16626,3.944
16627,5.982
16628,5.54
16629,6.075
16630,6.073
16631,3.814
16632,3.407
16633,3.431
16634,5.784
16635,5.633
16636,5.922
16637,6.233
16638,5.896
16639,6.258
16640,5.26
16641,5.297
16642,6.126
16643,4.741
16644,5.906
16645,5.946
16646,5.46
16647,5.628
16648,3.459
16649,4.346
16650,5.001
16651,6.049
16652,3.284
16653,4.851
16654,6.175
16655,3.509
16656,3.028
16657,2.84
16658,6.969
16659,5.733
16660,5.477
16661,4.005
16662,5.511
16663,2.673
16664,3.483
16665,5.487
16666,3.686
16667,6.156
16668,6.099
16669,5.928
16670,3.441
16671,3.232
16672,2.858
16673,4.88
16674,4.745
16675,4.699
16676,4.361
16677,6.154
16678,5.797
16679,6.259
16680,6.04
16681,6.075
16682,5.733
16683,3.517
16684,4.846
16685,2.797
16686,5.623
16687,6.201
16688,6.032
16689,5.935
16690,6.061
16691,4.666
16692,3.327
16693,5.898
16694,4.986
16695,5.102
16696,4.585
16697,3.315
16698,5.827
16699,5.885
16700,5.881
16701,5.935
16702,5.638
16703,5.566
16704,6.046
16705,2.792
16706,5.496
16707,5.933
16708,4.245
16709,3.454
16710,5.99
16711,5.812
16712,5.946
16713,5.492
16714,0.431
16715,4.683
16716,4.512
16717,4.874
16718,5.351
16719,5.641
16720,6.045
16721,5.011
16722,6.191
16723,6.102
16724,6.173
16725,3.382
16726,6.119
16727,6.139
16728,5.827
16729,5.436
16730,6.138
16731,2.786
16732,6.027
16733,6.171
16734,4.938
16735,5.512
16736,5.722
16737,3.308
16738,0.862
16739,6.073
16740,2.875
16741,6.04
16742,5.374
16743,5.389
16744,5.34
16745,5.419
16746,2.954
16747,2.91
16748,6.034
16749,6.054
16750,5.749
16751,4.033
16752,4.647
16753,6.241
16754,4.342
16755,5.898
16756,5.949
16757,5.655
16758,2.953
16759,4.817
16760,4.297
16761,3.363
16762,4.525
16763,6.023
16764,3.64
16765,3.259
16766,5.55
16767,6.178
16768,2.879
16769,4.199
16770,3.215
16771,3.432
16772,4.944
16773,5.774
16774,6.122
16775,4.315
16776,3.624
16777,4.533
16778,4.284
16779,5.947
16780,6.006
16781,4.945
16782,2.992
16783,4.669
16784,5.881
16785,6.041
16786,2.118
16787,5.968
16788,5.03
16789,3.036
16790,3.43
16791,6.304
16792,2.086
16793,3.403
16794,5.893
16795,5.996
16796,3.277
16797,6.3
16798,4.638
16799,5.744
16800,4.101
16801,6.026
16802,5.239
16803,4.361
16804,3.845
16805,5.094
16806,6.069
16807,3.907
16808,5.301
16809,6.141
16810,5.561
16811,4.901
16812,5.906
16813,6.014
16814,3.056
16815,3.744
16816,5.739
16817,5.316
16818,6.198
16819,5.017
16820,5.914
16821,4.757
16822,5.737
16823,4.942
16824,4.818
16825,5.728
16826,5.899
16827,4.926
16828,3.491
16829,4.182
16830,6.252
16831,5.12
16832,2.926
16833,6.418
16834,3.484
16835,5.06
16836,6.09
16837,3.28
16838,4.672
16839,4.964
16840,3.02
16841,5.971
16842,6.007
16843,5.819
16844,6.134
16845,6.143
16846,2.829
16847,4.573
16848,6.103
16849,4.603
16850,5.989
16851,5.184
16852,4.313
16853,2.971
16854,3.477
16855,3.595
16856,6.025
16857,6.089
16858,6.103
16859,2.857
16860,3.042
16861,2.133
16862,5.551
16863,3.819
16864,5.526
16865,6.014
16866,2.799
16867,3.574
16868,6.165
16869,6.181
16870,6.09
16871,1.284
16872,4.941
16873,4.034
16874,5.748
16875,4.689
16876,6.13
16877,6.122
16878,5.16
16879,4.52
16880,6.08
16881,6.43
16882,4.879
16883,6.128
16884,3.222
16885,6.064
16886,5.343
16887,5.296
16888,5.959
16889,6.043
16890,6.03
16891,6.008
16892,5.063
16893,4.945
16894,3.308
16895,3.738
16896,6.208
16897,6.12
16898,3.581
16899,5.187
16900,6.02
16901,5.827
16902,5.866
16903,2.884
16904,4.831
16905,3.392
16906,5.626
16907,6.106
16908,3.521
16909,5.011
16910,2.134
16911,3.138
16912,4.515
16913,5.306
16914,5.877
16915,5.969
16916,4.856
16917,5.821
16918,5.705
16919,4.65
16920,4.137
16921,2.853
16922,6.296
16923,5.611
16924,6.131
16925,6.221
16926,3.073
16927,4.516
16928,4.931
16929,5.779
16930,3.894
16931,5.86
16932,4.972
16933,5.819
16934,5.397
16935,6.01
16936,5.393
16937,5.715
16938,6.085
16939,6.159
16940,6.083
16941,6.143
16942,5.648
16943,2.992
16944,6.143
16945,6.195
16946,5.455
16947,5.135
16948,6.122
16949,3.663
16950,3.357
16951,5.976
16952,3.478
16953,1.123
16954,5.004
16955,5.939
16956,5.296
16957,3.427
16958,2.966
16959,4.477
16960,5.41
16961,5.199
16962,4.372
16963,6.079
16964,2.829
16965,6.255
16966,5.358
16967,5.316
16968,5.486
16969,6.104
16970,6.06
16971,5.568
16972,5.822
16973,5.974
16974,4.527
16975,6.625
16976,3.014
16977,5.698
16978,2.814
16979,6.153
16980,5.611
16981,2.764
16982,6.064
16983,7.451
16984,4.254
16985,5.88
16986,6.033
16987,3.468
16988,2.796
16989,4.189
16990,6.103
16991,2.752
16992,5.848
16993,5.906
16994,5.873
16995,5.642
16996,5.783
16997,4.905
16998,12.37
16999,5.435
17000,-0.1
17001,5.334
17002,6.144
17003,4.997
17004,6.106
17005,3.921
17006,4.878
17007,3.295
17008,2.772
17009,5.277
17010,5.447
17011,5.108
17012,3.01
17013,3.358
17014,6.153
17015,5.003
17016,5.575
17017,5.723
17018,4.129
17019,4.85
17020,5.612
17021,5.961
17022,5.904
17023,4.472
17024,-3.066
17025,6.061
17026,2.094
17027,2.814
17028,3.579
17029,5.724
17030,4.942
17031,4.983
17032,5.159
17033,4.896
17034,2.651
17035,5.737
17036,5.882
17037,4.027
17038,5.912
17039,4.381
17040,5.446
17041,6.142
17042,5.933
17043,6.125
17044,3.422
17045,2.94
17046,6.987
17047,6.182
17048,2.682
17049,4.667
17050,6.284
17051,6.018
17052,5.874
17053,3.786
17054,6.108
17055,6.004
17056,5.514
17057,6.106
17058,2.958
17059,2.857
17060,5.993
17061,6.139
17062,4.545
17063,5.975
17064,5.482
17065,3.333
17066,2.906
17067,6.232
17068,4.953
17069,3.315
17070,6.035
17071,4.915
17072,5.259
17073,5.554
17074,6.142
17075,5.061
17076,5.972
17077,3.364
17078,5.346
17079,6.692
17080,4.883
17081,5.996
17082,4.767
17083,4.027
17084,3.814
17085,3.663
17086,2.883
17087,6.047
17088,3.878
17089,4.229
17090,6.121
17091,6.125
17092,4.419
17093,3.665
17094,5.996
17095,3.289
17096,3.711
17097,5.041
17098,4.955
17099,2.97
17100,2.628
17101,3.127
17102,4.945
17103,6.009
17104,2.948
17105,3.496
17106,4.081
17107,3.731
17108,4.406
17109,6.403
17110,5.321
17111,4.679
17112,5.212
17113,5.011
17114,6.124
17115,6.159
17116,6.006
17117,3.017
17118,5.985
17119,4.899
17120,5.758
17121,4.253
17122,5.226
17123,7.103
17124,6.079
17125,3.325
17126,4.945
17127,3.236
17128,5.571
17129,4.688
17130,4.089
17131,6.125
17132,5.838
17133,5.771
17134,5.969
17135,5.858
17136,3.779
17137,3.273
17138,3.404
17139,3.726
17140,3.198
17141,5.798
17142,5.16
17143,5.775
17144,4.671
17145,3.685
17146,5.983
17147,6.029
17148,4.944
17149,4.537
17150,6.048
17151,3.938
17152,5.986
17153,3.479
17154,3.135
17155,6.084
17156,5.324
17157,2.914
17158,5.596
17159,2.135
17160,5.428
17161,2.981
17162,6.065
17163,6.042
17164,4.291
17165,6.023
17166,6.171
17167,5.757
17168,5.602
17169,5.849
17170,5.047
17171,5.942
17172,5.692
17173,2.919
17174,3.172
17175,5.988
17176,4.336
17177,5.804
17178,4.536
17179,-27.406
17180,5.561
17181,5.114
17182,3.63
17183,5.892
17184,6.252
17185,6.08
17186,6.266
17187,5.56
17188,5.289
17189,6.27
17190,5.099
17191,4.273
17192,5.879
17193,5.401
17194,6.028
17195,3.881
17196,2.538
17197,6.513
17198,3.917
17199,5.531
17200,6.016
17201,3.625
17202,5.988
17203,3.252
17204,5.974
17205,5.771
17206,6.11
17207,5.789
17208,6.3
17209,2.615
17210,5.56
17211,3.31
17212,5.829
17213,2.903
17214,3.754
17215,6.002
17216,5.984
17217,4.637
17218,3.672
17219,5.685
17220,5.045
17221,3.558
17222,4.449
17223,3.417
17224,2.134
17225,2.797
17226,5.966
17227,4.062
17228,5.767
17229,3.232
17230,3.377
17231,5.423
17232,6.211
17233,3.132
17234,5.56
17235,2.345
17236,3.943
17237,6.206
17238,4.812
17239,2.714
17240,6.019
17241,4.661
17242,6.643
17243,5.574
17244,2.98
17245,5.72
17246,6.029
17247,4.644
17248,6.015
17249,2.795
17250,3.72
17251,6.133
17252,5.843
17253,4.691
17254,5.977
17255,5.747
17256,6.961
17257,6.069
17258,4.481
17259,6.294
17260,5.489
17261,5.993
17262,6.039
17263,6.205
17264,5.974
17265,5.228
17266,4.839
17267,5.05
17268,6.212
17269,4.075
17270,4.629
17271,5.967
17272,3.277
17273,3.767
17274,5.584
17275,2.756
17276,6.221
17277,6.025
17278,3.129
17279,4.403
17280,3.737
17281,5.941
17282,4.287
17283,5.887
17284,2.94
17285,3.703
17286,6.014
17287,4.265
17288,3.76
17289,6.231
17290,2.707
17291,6.11
17292,6.124
17293,6.293
17294,4.291
17295,5.804
17296,3.076
17297,6.127
17298,4.945
17299,3.31
17300,6.218
17301,4.986
17302,5.762
17303,5.533
17304,5.093
17305,6.265
17306,5.477
17307,4.107
17308,6.163
17309,6.307
17310,3.716
17311,3.682
17312,6.038
17313,5.55
17314,5.975
17315,3.333
17316,5.869
17317,2.852
17318,6.053
17319,6.255
17320,2.528
17321,6.899
17322,4.865
17323,5.977
17324,6.118
17325,5.904
17326,3.541
17327,6.189
17328,5.916
17329,5.957
17330,3.927
17331,5.039
17332,5.492
17333,5.937
17334,5.803
17335,2.618
17336,4.377
17337,5.968
17338,5.3
17339,6.139
17340,2.053
17341,5.525
17342,3.345
17343,6.021
17344,4.712
17345,2.333
